S1_Search	/html[1]/body[1]/app-root[1]/div[1]/main[1]/app-recipe-list[1]/section[1]/div[2]/div[1]/label[1]/input[1]	cookbook-s1-search.html
S1_Card	/html[1]/body[1]/app-root[1]/div[1]/main[1]/app-recipe-list[1]/section[1]/div[4]/ul[1]/li[1]/app-recipe-card[1]/article[1]/div[1]/div[1]	cookbook-s1-search.html
S1_CardTitle	/html[1]/body[1]/app-root[1]/div[1]/main[1]/app-recipe-list[1]/section[1]/div[4]/ul[1]/li[1]/app-recipe-card[1]/article[1]/div[1]/div[1]/header[1]/div[1]/a[1]/h2[1]	cookbook-s1-search.html
S2_VegOnly	/html[1]/body[1]/app-root[1]/div[1]/main[1]/app-recipe-list[1]/section[1]/div[2]/div[3]/label[1]/input[1]	cookbook-s2-filters.html
S2_CourseFilter	/html[1]/body[1]/app-root[1]/div[1]/main[1]/app-recipe-list[1]/section[1]/div[2]/div[2]/label[1]/select[1]	cookbook-s2-filters.html
S2_ResultCount	/html[1]/body[1]/app-root[1]/div[1]/main[1]/app-recipe-list[1]/section[1]/div[3]/p[1]/span[1]	cookbook-s2-filters.html
S3_DetailTitle	/html[1]/body[1]/app-root[1]/div[1]/main[1]/app-recipe-detail[1]/article[1]/header[1]/div[1]/h1[1]	cookbook-s3-detail-1.html
S3_Servings	/html[1]/body[1]/app-root[1]/div[1]/main[1]/app-recipe-detail[1]/article[1]/div[1]/app-panel[1]/section[1]/div[1]/div[1]/label[1]/input[1]	cookbook-s3-detail-1.html
S3_IngQty	/html[1]/body[1]/app-root[1]/div[1]/main[1]/app-recipe-detail[1]/article[1]/div[1]/app-panel[1]/section[1]/div[1]/ul[1]/li[1]/app-ingredient-row[1]/div[1]/p[1]/span[1]	cookbook-s3-detail-1.html
S4_FormTitle	/html[1]/body[1]/app-root[1]/div[1]/main[1]/app-recipe-form[1]/section[1]/form[1]/div[1]/div[1]/div[1]/input[1]	cookbook-s4-form-new.html
S4_FormCourse	/html[1]/body[1]/app-root[1]/div[1]/main[1]/app-recipe-form[1]/section[1]/form[1]/div[1]/div[2]/div[1]/select[1]	cookbook-s4-form-new.html
S4_FormSubmit	/html[1]/body[1]/app-root[1]/div[1]/main[1]/app-recipe-form[1]/section[1]/form[1]/div[2]/div[1]/button[1]	cookbook-s4-form-new.html
S5_OpenCount	/html[1]/body[1]/app-root[1]/div[1]/main[1]/app-shopping-list[1]/section[1]/div[2]/p[1]/span[1]	cookbook-s5-shopping.html
S5_ShopCheck	/html[1]/body[1]/app-root[1]/div[1]/main[1]/app-shopping-list[1]/section[1]/div[3]/div[1]/ul[1]/li[1]/label[1]/input[1]	cookbook-s5-shopping.html
S5_ClearDone	/html[1]/body[1]/app-root[1]/div[1]/main[1]/app-shopping-list[1]/section[1]/div[4]/div[1]/button[1]	cookbook-s5-shopping.html
S6_StatTotal	/html[1]/body[1]/app-root[1]/div[1]/main[1]/app-stats[1]/section[1]/div[2]/div[1]/div[1]/span[1]	cookbook-s6-stats.html
S6_CourseCountMain	/html[1]/body[1]/app-root[1]/div[1]/main[1]/app-stats[1]/section[1]/div[3]/app-panel[1]/section[1]/div[1]/div[1]/div[2]/span[2]	cookbook-s6-stats.html
S6_FooterVersion	/html[1]/body[1]/app-root[1]/div[1]/footer[1]/div[1]/p[2]/span[2]	cookbook-s6-stats.html
