File,MutationId,Label,Status,Reason
search_component_html,-,a,REJECTED,duplicate
search_component_html,-,a,REJECTED,duplicate
search_component_html,-,a,REJECTED,duplicate
search_component_html,LLMP_search_component_html_a_11,a,SAVED,
search_component_html,LLMP_search_component_html_a_12,a,SAVED,
search_component_html,-,b,REJECTED,duplicate
search_component_html,-,b,REJECTED,duplicate
search_component_html,LLMP_search_component_html_b_11,b,SAVED,
search_component_html,LLMP_search_component_html_b_12,b,SAVED,
search_component_html,LLMP_search_component_html_c_11,c,SAVED,
search_component_html,LLMP_search_component_html_c_12,c,SAVED,
search_component_html,LLMP_search_component_html_d_11,d,SAVED,
search_component_html,LLMP_search_component_html_d_12,d,SAVED,
search_component_html,-,e,REJECTED,duplicate
search_component_html,-,e,REJECTED,duplicate
search_component_html,-,e,REJECTED,duplicate
search_component_html,-,e,REJECTED,duplicate
search_component_html,-,e,REJECTED,duplicate
search_component_html,-,e,REJECTED,duplicate
search_component_html,-,e,REJECTED,duplicate
search_component_html,-,e,REJECTED,duplicate
search_component_html,-,e,REJECTED,duplicate
search_component_html,-,e,REJECTED,duplicate
search_component_html,-,e,REJECTED,duplicate
search_component_html,-,e,REJECTED,duplicate
search_component_html,-,e,REJECTED,duplicate
search_component_html,-,e,REJECTED,duplicate
search_component_html,-,e,REJECTED,duplicate
search_component_html,-,e,REJECTED,duplicate
search_component_html,-,e,REJECTED,duplicate
search_component_html,-,e,REJECTED,duplicate
search_component_html,-,e,REJECTED,duplicate
search_component_html,-,e,REJECTED,duplicate
search_component_html,-,e,REJECTED,duplicate
search_component_html,-,e,REJECTED,duplicate
search_component_html,-,e,REJECTED,duplicate
search_component_html,-,e,REJECTED,duplicate
search_component_html,-,e,REJECTED,duplicate
search_component_html,-,e,REJECTED,duplicate
search_component_html,-,e,REJECTED,duplicate
search_component_html,LLMP_search_component_html_e_11,e,SAVED,
search_component_html,-,e,REJECTED,duplicate
search_component_html,-,e,REJECTED,duplicate
search_component_html,-,e,REJECTED,duplicate
search_component_html,-,e,REJECTED,duplicate
search_component_html,-,e,REJECTED,duplicate
search_component_html,-,e,REJECTED,duplicate
search_component_html,-,e,REJECTED,duplicate
search_component_html,-,e,REJECTED,duplicate
search_component_html,-,e,REJECTED,duplicate
search_component_html,-,e,REJECTED,duplicate
search_component_html,-,e,REJECTED,duplicate
search_component_html,-,e,REJECTED,duplicate
search_component_html,LLMP_search_component_html_e_12,e,SAVED,
search_component_html,-,f,REJECTED,duplicate
search_component_html,-,f,REJECTED,duplicate
search_component_html,-,f,REJECTED,duplicate
search_component_html,LLMP_search_component_html_f_11,f,SAVED,
search_component_html,-,f,REJECTED,duplicate
search_component_html,-,f,REJECTED,duplicate
search_component_html,-,f,REJECTED,duplicate
search_component_html,-,f,REJECTED,duplicate
search_component_html,-,f,REJECTED,duplicate
search_component_html,LLMP_search_component_html_f_12,f,SAVED,
search_component_html,-,g,REJECTED,duplicate
search_component_html,-,g,REJECTED,duplicate
search_component_html,-,g,REJECTED,duplicate
search_component_html,-,g,REJECTED,duplicate
search_component_html,-,g,REJECTED,duplicate
search_component_html,LLMP_search_component_html_g_11,g,SAVED,
search_component_html,-,g,REJECTED,duplicate
search_component_html,-,g,REJECTED,duplicate
search_component_html,LLMP_search_component_html_g_12,g,SAVED,
search_component_html,-,h,REJECTED,duplicate
search_component_html,LLMP_search_component_html_h_11,h,SAVED,
search_component_html,-,h,REJECTED,duplicate
search_component_html,-,h,REJECTED,duplicate
search_component_html,LLMP_search_component_html_h_12,h,SAVED,
search_component_html,-,i,REJECTED,duplicate
search_component_html,LLMP_search_component_html_i_11,i,SAVED,
search_component_html,LLMP_search_component_html_i_12,i,SAVED,
search_component_html,-,j,REJECTED,duplicate
search_component_html,-,j,REJECTED,duplicate
search_component_html,LLMP_search_component_html_j_11,j,SAVED,
search_component_html,-,j,REJECTED,duplicate
search_component_html,-,j,REJECTED,duplicate
search_component_html,LLMP_search_component_html_j_12,j,SAVED,
search_component_html,LLMP_search_component_html_k_11,k,SAVED,
search_component_html,LLMP_search_component_html_k_12,k,SAVED,
card_component_html,-,a,REJECTED,duplicate
card_component_html,LLMP_card_component_html_a_11,a,SAVED,
card_component_html,LLMP_card_component_html_a_12,a,SAVED,
card_component_html,-,b,REJECTED,duplicate
card_component_html,-,b,REJECTED,duplicate
card_component_html,-,b,REJECTED,duplicate
card_component_html,LLMP_card_component_html_b_11,b,SAVED,
card_component_html,-,b,REJECTED,duplicate
card_component_html,-,b,REJECTED,duplicate
card_component_html,-,b,REJECTED,duplicate
card_component_html,-,b,REJECTED,duplicate
card_component_html,-,b,REJECTED,duplicate
card_component_html,-,b,REJECTED,duplicate
card_component_html,-,b,REJECTED,duplicate
card_component_html,-,b,REJECTED,duplicate
card_component_html,LLMP_card_component_html_b_12,b,SAVED,
card_component_html,-,c,REJECTED,duplicate
card_component_html,-,c,REJECTED,duplicate
card_component_html,LLMP_card_component_html_c_10,c,SAVED,
card_component_html,-,c,REJECTED,duplicate
card_component_html,-,c,REJECTED,duplicate
card_component_html,-,c,REJECTED,duplicate
card_component_html,-,c,REJECTED,duplicate
card_component_html,-,c,REJECTED,duplicate
card_component_html,-,c,REJECTED,duplicate
card_component_html,-,c,REJECTED,duplicate
card_component_html,-,c,REJECTED,duplicate
card_component_html,LLMP_card_component_html_c_11,c,SAVED,
card_component_html,-,c,REJECTED,duplicate
card_component_html,LLMP_card_component_html_c_12,c,SAVED,
card_component_html,-,d,REJECTED,duplicate
card_component_html,-,d,REJECTED,duplicate
card_component_html,-,d,REJECTED,duplicate
card_component_html,-,d,REJECTED,duplicate
card_component_html,-,d,REJECTED,duplicate
card_component_html,LLMP_card_component_html_d_11,d,SAVED,
card_component_html,-,d,REJECTED,duplicate
card_component_html,-,d,REJECTED,duplicate
card_component_html,LLMP_card_component_html_d_12,d,SAVED,
card_component_html,-,e,REJECTED,duplicate
card_component_html,-,e,REJECTED,duplicate
card_component_html,-,e,REJECTED,duplicate
card_component_html,-,e,REJECTED,duplicate
card_component_html,-,e,REJECTED,duplicate
card_component_html,-,e,REJECTED,duplicate
card_component_html,-,e,REJECTED,duplicate
card_component_html,-,e,REJECTED,duplicate
card_component_html,-,e,REJECTED,duplicate
card_component_html,-,e,REJECTED,duplicate
card_component_html,-,e,REJECTED,duplicate
card_component_html,-,e,REJECTED,duplicate
card_component_html,-,e,REJECTED,duplicate
card_component_html,-,e,REJECTED,duplicate
card_component_html,-,e,REJECTED,duplicate
card_component_html,-,e,REJECTED,duplicate
card_component_html,-,e,REJECTED,duplicate
card_component_html,-,e,REJECTED,duplicate
card_component_html,-,e,REJECTED,duplicate
card_component_html,-,e,REJECTED,duplicate
card_component_html,-,e,REJECTED,duplicate
card_component_html,-,e,REJECTED,duplicate
card_component_html,-,e,REJECTED,duplicate
card_component_html,-,e,REJECTED,duplicate
card_component_html,-,e,REJECTED,duplicate
card_component_html,-,e,REJECTED,duplicate
card_component_html,-,e,REJECTED,duplicate
card_component_html,-,e,REJECTED,duplicate
card_component_html,-,e,REJECTED,duplicate
card_component_html,-,e,REJECTED,duplicate
card_component_html,-,e,REJECTED,duplicate
card_component_html,-,e,REJECTED,duplicate
card_component_html,-,e,REJECTED,duplicate
card_component_html,-,e,REJECTED,duplicate
card_component_html,-,e,REJECTED,duplicate
card_component_html,-,e,REJECTED,duplicate
card_component_html,-,e,REJECTED,duplicate
card_component_html,-,e,REJECTED,duplicate
card_component_html,-,e,REJECTED,duplicate
card_component_html,-,e,REJECTED,duplicate
card_component_html,-,e,REJECTED,duplicate
card_component_html,-,e,REJECTED,duplicate
card_component_html,-,e,REJECTED,duplicate
card_component_html,-,e,REJECTED,duplicate
card_component_html,LLMP_card_component_html_e_8,e,SAVED,
card_component_html,LLMP_card_component_html_e_9,e,SAVED,
card_component_html,-,e,REJECTED,duplicate
card_component_html,-,e,REJECTED,duplicate
card_component_html,-,e,REJECTED,duplicate
card_component_html,-,e,REJECTED,duplicate
card_component_html,-,e,REJECTED,duplicate
card_component_html,-,e,REJECTED,duplicate
card_component_html,-,e,REJECTED,duplicate
card_component_html,-,e,REJECTED,duplicate
card_component_html,-,e,REJECTED,duplicate
card_component_html,-,e,REJECTED,duplicate
card_component_html,-,e,REJECTED,duplicate
card_component_html,-,e,REJECTED,duplicate
card_component_html,-,e,REJECTED,duplicate
card_component_html,-,e,REJECTED,duplicate
card_component_html,-,f,REJECTED,duplicate
card_component_html,-,f,REJECTED,duplicate
card_component_html,-,f,REJECTED,duplicate
card_component_html,-,f,REJECTED,duplicate
card_component_html,-,f,REJECTED,duplicate
card_component_html,-,f,REJECTED,duplicate
card_component_html,-,f,REJECTED,duplicate
card_component_html,-,f,REJECTED,duplicate
card_component_html,-,f,REJECTED,duplicate
card_component_html,-,f,REJECTED,duplicate
card_component_html,-,f,REJECTED,duplicate
card_component_html,-,f,REJECTED,duplicate
card_component_html,-,f,REJECTED,duplicate
card_component_html,-,f,REJECTED,duplicate
card_component_html,-,f,REJECTED,duplicate
card_component_html,-,f,REJECTED,duplicate
card_component_html,-,f,REJECTED,duplicate
card_component_html,-,f,REJECTED,duplicate
card_component_html,-,f,REJECTED,duplicate
card_component_html,-,f,REJECTED,duplicate
card_component_html,-,f,REJECTED,duplicate
card_component_html,-,f,REJECTED,duplicate
card_component_html,-,f,REJECTED,duplicate
card_component_html,-,f,REJECTED,duplicate
card_component_html,-,f,REJECTED,duplicate
card_component_html,-,f,REJECTED,duplicate
card_component_html,-,f,REJECTED,duplicate
card_component_html,-,f,REJECTED,duplicate
card_component_html,-,f,REJECTED,duplicate
card_component_html,-,f,REJECTED,duplicate
card_component_html,-,f,REJECTED,duplicate
card_component_html,-,f,REJECTED,duplicate
card_component_html,-,f,REJECTED,duplicate
card_component_html,-,f,REJECTED,duplicate
card_component_html,-,f,REJECTED,duplicate
card_component_html,-,f,REJECTED,duplicate
card_component_html,-,f,REJECTED,duplicate
card_component_html,-,f,REJECTED,duplicate
card_component_html,-,f,REJECTED,duplicate
card_component_html,-,f,REJECTED,duplicate
card_component_html,-,f,REJECTED,duplicate
card_component_html,-,f,REJECTED,duplicate
card_component_html,-,f,REJECTED,duplicate
card_component_html,-,f,REJECTED,duplicate
card_component_html,-,f,REJECTED,duplicate
card_component_html,-,f,REJECTED,duplicate
card_component_html,-,f,REJECTED,duplicate
card_component_html,-,f,REJECTED,duplicate
card_component_html,-,f,REJECTED,duplicate
card_component_html,-,f,REJECTED,duplicate
card_component_html,-,f,REJECTED,duplicate
card_component_html,-,f,REJECTED,duplicate
card_component_html,-,f,REJECTED,duplicate
card_component_html,-,f,REJECTED,duplicate
card_component_html,-,f,REJECTED,duplicate
card_component_html,-,f,REJECTED,duplicate
card_component_html,-,f,REJECTED,duplicate
card_component_html,-,f,REJECTED,duplicate
card_component_html,-,f,REJECTED,duplicate
card_component_html,LLMP_card_component_html_f_7,f,SAVED,
card_component_html,-,g,REJECTED,duplicate
card_component_html,-,g,REJECTED,duplicate
card_component_html,-,g,REJECTED,duplicate
card_component_html,-,g,REJECTED,duplicate
card_component_html,LLMP_card_component_html_g_11,g,SAVED,
card_component_html,LLMP_card_component_html_g_12,g,SAVED,
card_component_html,-,h,REJECTED,duplicate
card_component_html,-,h,REJECTED,duplicate
card_component_html,-,h,REJECTED,duplicate
card_component_html,-,h,REJECTED,duplicate
card_component_html,LLMP_card_component_html_h_11,h,SAVED,
card_component_html,LLMP_card_component_html_h_12,h,SAVED,
card_component_html,LLMP_card_component_html_i_11,i,SAVED,
card_component_html,-,i,REJECTED,duplicate
card_component_html,-,i,REJECTED,duplicate
card_component_html,LLMP_card_component_html_i_12,i,SAVED,
card_component_html,-,j,REJECTED,duplicate
card_component_html,-,j,REJECTED,duplicate
card_component_html,-,j,REJECTED,duplicate
card_component_html,-,j,REJECTED,duplicate
card_component_html,-,j,REJECTED,duplicate
card_component_html,LLMP_card_component_html_j_10,j,SAVED,
card_component_html,-,j,REJECTED,duplicate
card_component_html,-,j,REJECTED,duplicate
card_component_html,-,j,REJECTED,duplicate
card_component_html,-,j,REJECTED,duplicate
card_component_html,-,j,REJECTED,duplicate
card_component_html,LLMP_card_component_html_j_11,j,SAVED,
card_component_html,-,j,REJECTED,duplicate
card_component_html,-,j,REJECTED,duplicate
card_component_html,-,j,REJECTED,duplicate
card_component_html,-,j,REJECTED,duplicate
card_component_html,-,j,REJECTED,duplicate
card_component_html,-,j,REJECTED,duplicate
card_component_html,-,j,REJECTED,duplicate
card_component_html,-,j,REJECTED,duplicate
card_component_html,-,j,REJECTED,duplicate
card_component_html,-,j,REJECTED,duplicate
card_component_html,-,j,REJECTED,duplicate
card_component_html,-,j,REJECTED,duplicate
card_component_html,-,j,REJECTED,duplicate
card_component_html,-,j,REJECTED,duplicate
card_component_html,-,j,REJECTED,duplicate
card_component_html,-,j,REJECTED,duplicate
card_component_html,-,j,REJECTED,duplicate
card_component_html,-,j,REJECTED,duplicate
card_component_html,-,j,REJECTED,duplicate
card_component_html,-,j,REJECTED,duplicate
card_component_html,-,j,REJECTED,duplicate
card_component_html,-,j,REJECTED,duplicate
card_component_html,LLMP_card_component_html_j_12,j,SAVED,
card_component_html,-,k,REJECTED,duplicate
card_component_html,LLMP_card_component_html_k_11,k,SAVED,
card_component_html,-,k,REJECTED,duplicate
card_component_html,-,k,REJECTED,duplicate
card_component_html,LLMP_card_component_html_k_12,k,SAVED,
