MutationId,Element,Name,Type,Status,Files,ExportFile
a,alpha,catalog-search-input,attr_val_mod_mut,COMPLETE,1,alpha__catalog-search-input__a.mut
a,alpha,catalog-filter-genre,attr_val_mod_mut,COMPLETE,1,alpha__catalog-filter-genre__a.mut
a,alpha,catalog-sort,attr_val_mod_mut,COMPLETE,1,alpha__catalog-sort__a.mut
a,alpha,catalog-view-list,attr_val_mod_mut,COMPLETE,1,alpha__catalog-view-list__a.mut
a,alpha,detail-delete-button,attr_val_mod_mut,COMPLETE,1,alpha__detail-delete-button__a.mut
a,alpha,catalog-favorites-filter,attr_val_mod_mut,COMPLETE,1,alpha__catalog-favorites-filter__a.mut
a,alpha,card-favorite-toggle,attr_val_mod_mut,COMPLETE,1,alpha__card-favorite-toggle__a.mut
a,alpha,detail-favorite,attr_val_mod_mut,COMPLETE,1,alpha__detail-favorite__a.mut
a,alpha,review-field-author,attr_val_mod_mut,COMPLETE,1,alpha__review-field-author__a.mut
a,alpha,review-submit,attr_val_mod_mut,COMPLETE,1,alpha__review-submit__a.mut
a,alpha,review-remove,attr_val_mod_mut,COMPLETE,1,alpha__review-remove__a.mut
a,alpha,genre-row,attr_val_mod_mut,COMPLETE,1,alpha__genre-row__a.mut
a,alpha,top-title,attr_val_mod_mut,COMPLETE,1,alpha__top-title__a.mut
a,alpha,field-title,attr_val_mod_mut,COMPLETE,1,alpha__field-title__a.mut
a,alpha,form-submit,attr_val_mod_mut,COMPLETE,1,alpha__form-submit__a.mut
a,alpha,cast-add,attr_val_mod_mut,COMPLETE,1,alpha__cast-add__a.mut
a,alpha,catalog-reset-button,attr_val_mod_mut,COMPLETE,1,alpha__catalog-reset-button__a.mut
a,alpha,catalog-modal-confirm,attr_val_mod_mut,COMPLETE,1,alpha__catalog-modal-confirm__a.mut
a,alpha,card-poster,attr_val_mod_mut,COMPLETE,1,alpha__card-poster__a.mut
a,alpha,review-field-comment,attr_val_mod_mut,COMPLETE,1,alpha__review-field-comment__a.mut
a,alpha,field-year,attr_val_mod_mut,COMPLETE,1,alpha__field-year__a.mut
a,alpha,form-cancel,attr_val_mod_mut,COMPLETE,1,alpha__form-cancel__a.mut
a,alpha,cast-remove,attr_val_mod_mut,COMPLETE,1,alpha__cast-remove__a.mut
b,alpha,catalog-search-input,attr_rem_mut,COMPLETE,1,alpha__catalog-search-input__b.mut
b,alpha,catalog-filter-genre,attr_rem_mut,COMPLETE,1,alpha__catalog-filter-genre__b.mut
b,alpha,catalog-sort,attr_rem_mut,COMPLETE,1,alpha__catalog-sort__b.mut
b,alpha,catalog-view-list,attr_rem_mut,COMPLETE,1,alpha__catalog-view-list__b.mut
b,alpha,detail-delete-button,attr_rem_mut,COMPLETE,1,alpha__detail-delete-button__b.mut
b,alpha,catalog-favorites-filter,attr_rem_mut,COMPLETE,1,alpha__catalog-favorites-filter__b.mut
b,alpha,card-favorite-toggle,attr_rem_mut,COMPLETE,1,alpha__card-favorite-toggle__b.mut
b,alpha,detail-favorite,attr_rem_mut,COMPLETE,1,alpha__detail-favorite__b.mut
b,alpha,review-field-author,attr_rem_mut,COMPLETE,1,alpha__review-field-author__b.mut
b,alpha,review-submit,attr_rem_mut,COMPLETE,1,alpha__review-submit__b.mut
b,alpha,review-remove,attr_rem_mut,COMPLETE,1,alpha__review-remove__b.mut
b,alpha,genre-row,attr_rem_mut,COMPLETE,1,alpha__genre-row__b.mut
b,alpha,top-title,attr_rem_mut,COMPLETE,1,alpha__top-title__b.mut
b,alpha,field-title,attr_rem_mut,COMPLETE,1,alpha__field-title__b.mut
b,alpha,form-submit,attr_rem_mut,COMPLETE,1,alpha__form-submit__b.mut
b,alpha,cast-add,attr_rem_mut,COMPLETE,1,alpha__cast-add__b.mut
b,alpha,catalog-reset-button,attr_rem_mut,COMPLETE,1,alpha__catalog-reset-button__b.mut
b,alpha,catalog-modal-confirm,attr_rem_mut,COMPLETE,1,alpha__catalog-modal-confirm__b.mut
b,alpha,card-poster,attr_rem_mut,COMPLETE,1,alpha__card-poster__b.mut
b,alpha,review-field-comment,attr_rem_mut,COMPLETE,1,alpha__review-field-comment__b.mut
b,alpha,field-year,attr_rem_mut,COMPLETE,1,alpha__field-year__b.mut
b,alpha,cast-remove,attr_rem_mut,COMPLETE,1,alpha__cast-remove__b.mut
c,alpha,review-field-author,attr_id_mut,HELD,1,alpha__review-field-author__c.mut
c,alpha,field-title,attr_id_mut,HELD,1,alpha__field-title__c.mut
c,alpha,review-field-comment,attr_id_mut,HELD,1,alpha__review-field-comment__c.mut
c,alpha,field-year,attr_id_mut,HELD,1,alpha__field-year__c.mut
d,alpha,catalog-result-count,text_cont_mod_mut,COMPLETE,1,alpha__catalog-result-count__d.mut
d,alpha,catalog-filter-genre,text_cont_mod_mut,COMPLETE,1,alpha__catalog-filter-genre__d.mut
d,alpha,catalog-view-list,text_cont_mod_mut,COMPLETE,1,alpha__catalog-view-list__d.mut
d,alpha,card-title,text_cont_mod_mut,COMPLETE,1,alpha__card-title__d.mut
d,alpha,detail-meta,text_cont_mod_mut,COMPLETE,1,alpha__detail-meta__d.mut
d,alpha,detail-delete-button,text_cont_mod_mut,COMPLETE,1,alpha__detail-delete-button__d.mut
d,alpha,detail-not-found,text_cont_mod_mut,COMPLETE,1,alpha__detail-not-found__d.mut
d,alpha,catalog-favorites-filter,text_cont_mod_mut,COMPLETE,1,alpha__catalog-favorites-filter__d.mut
d,alpha,card-favorite-toggle,text_cont_mod_mut,COMPLETE,1,alpha__card-favorite-toggle__d.mut
d,alpha,detail-favorite,text_cont_mod_mut,COMPLETE,1,alpha__detail-favorite__d.mut
d,alpha,review-submit,text_cont_mod_mut,COMPLETE,1,alpha__review-submit__d.mut
d,alpha,review-remove,text_cont_mod_mut,COMPLETE,1,alpha__review-remove__d.mut
d,alpha,stat-total-value,text_cont_mod_mut,COMPLETE,1,alpha__stat-total-value__d.mut
d,alpha,top-title,text_cont_mod_mut,COMPLETE,1,alpha__top-title__d.mut
d,alpha,form-submit,text_cont_mod_mut,COMPLETE,1,alpha__form-submit__d.mut
d,alpha,cast-add,text_cont_mod_mut,COMPLETE,1,alpha__cast-add__d.mut
d,alpha,catalog-reset-button,text_cont_mod_mut,COMPLETE,1,alpha__catalog-reset-button__d.mut
d,alpha,catalog-empty,text_cont_mod_mut,COMPLETE,1,alpha__catalog-empty__d.mut
d,alpha,catalog-modal-confirm,text_cont_mod_mut,COMPLETE,1,alpha__catalog-modal-confirm__d.mut
d,alpha,card-meta,text_cont_mod_mut,COMPLETE,1,alpha__card-meta__d.mut
d,alpha,detail-title,text_cont_mod_mut,COMPLETE,1,alpha__detail-title__d.mut
d,alpha,detail-synopsis,text_cont_mod_mut,COMPLETE,1,alpha__detail-synopsis__d.mut
d,alpha,cast-name,text_cont_mod_mut,COMPLETE,1,alpha__cast-name__d.mut
d,alpha,reviews-average,text_cont_mod_mut,COMPLETE,1,alpha__reviews-average__d.mut
d,alpha,review-comment,text_cont_mod_mut,COMPLETE,1,alpha__review-comment__d.mut
d,alpha,stats-heading,text_cont_mod_mut,COMPLETE,1,alpha__stats-heading__d.mut
d,alpha,genre-count,text_cont_mod_mut,COMPLETE,1,alpha__genre-count__d.mut
d,alpha,stat-favorites-value,text_cont_mod_mut,COMPLETE,1,alpha__stat-favorites-value__d.mut
d,alpha,cast-remove,text_cont_mod_mut,COMPLETE,1,alpha__cast-remove__d.mut
e,alpha,catalog-result-count,text_cont_rem_mut,COMPLETE,1,alpha__catalog-result-count__e.mut
e,alpha,catalog-view-list,text_cont_rem_mut,COMPLETE,1,alpha__catalog-view-list__e.mut
e,alpha,card-title,text_cont_rem_mut,COMPLETE,1,alpha__card-title__e.mut
e,alpha,detail-meta,text_cont_rem_mut,COMPLETE,1,alpha__detail-meta__e.mut
e,alpha,detail-delete-button,text_cont_rem_mut,COMPLETE,1,alpha__detail-delete-button__e.mut
e,alpha,catalog-favorites-filter,text_cont_rem_mut,COMPLETE,1,alpha__catalog-favorites-filter__e.mut
e,alpha,card-favorite-toggle,text_cont_rem_mut,COMPLETE,1,alpha__card-favorite-toggle__e.mut
e,alpha,detail-favorite,text_cont_rem_mut,COMPLETE,1,alpha__detail-favorite__e.mut
e,alpha,review-submit,text_cont_rem_mut,COMPLETE,1,alpha__review-submit__e.mut
e,alpha,review-remove,text_cont_rem_mut,COMPLETE,1,alpha__review-remove__e.mut
e,alpha,stat-total-value,text_cont_rem_mut,COMPLETE,1,alpha__stat-total-value__e.mut
e,alpha,top-title,text_cont_rem_mut,COMPLETE,1,alpha__top-title__e.mut
e,alpha,form-submit,text_cont_rem_mut,COMPLETE,1,alpha__form-submit__e.mut
e,alpha,cast-add,text_cont_rem_mut,COMPLETE,1,alpha__cast-add__e.mut
e,alpha,catalog-reset-button,text_cont_rem_mut,COMPLETE,1,alpha__catalog-reset-button__e.mut
e,alpha,catalog-empty,text_cont_rem_mut,COMPLETE,1,alpha__catalog-empty__e.mut
e,alpha,catalog-modal-confirm,text_cont_rem_mut,COMPLETE,1,alpha__catalog-modal-confirm__e.mut
e,alpha,card-meta,text_cont_rem_mut,COMPLETE,1,alpha__card-meta__e.mut
e,alpha,detail-title,text_cont_rem_mut,COMPLETE,1,alpha__detail-title__e.mut
e,alpha,detail-synopsis,text_cont_rem_mut,COMPLETE,1,alpha__detail-synopsis__e.mut
e,alpha,cast-name,text_cont_rem_mut,COMPLETE,1,alpha__cast-name__e.mut
e,alpha,reviews-average,text_cont_rem_mut,COMPLETE,1,alpha__reviews-average__e.mut
e,alpha,review-comment,text_cont_rem_mut,COMPLETE,1,alpha__review-comment__e.mut
e,alpha,stats-heading,text_cont_rem_mut,COMPLETE,1,alpha__stats-heading__e.mut
e,alpha,genre-count,text_cont_rem_mut,COMPLETE,1,alpha__genre-count__e.mut
e,alpha,stat-favorites-value,text_cont_rem_mut,COMPLETE,1,alpha__stat-favorites-value__e.mut
e,alpha,cast-remove,text_cont_rem_mut,COMPLETE,1,alpha__cast-remove__e.mut
f,alpha,catalog-result-count,tag_mov_container_mut,COMPLETE,1,alpha__catalog-result-count__f.mut
f,alpha,catalog-sort,tag_mov_container_mut,COMPLETE,1,alpha__catalog-sort__f.mut
f,alpha,catalog-view-list,tag_mov_container_mut,COMPLETE,1,alpha__catalog-view-list__f.mut
f,alpha,detail-meta,tag_mov_container_mut,COMPLETE,1,alpha__detail-meta__f.mut
f,alpha,detail-delete-button,tag_mov_container_mut,COMPLETE,1,alpha__detail-delete-button__f.mut
f,alpha,detail-not-found,tag_mov_container_mut,COMPLETE,1,alpha__detail-not-found__f.mut
f,alpha,card-favorite-toggle,tag_mov_container_mut,COMPLETE,1,alpha__card-favorite-toggle__f.mut
f,alpha,review-field-author,tag_mov_container_mut,COMPLETE,1,alpha__review-field-author__f.mut
f,alpha,review-remove,tag_mov_container_mut,COMPLETE,1,alpha__review-remove__f.mut
f,alpha,field-title,tag_mov_container_mut,COMPLETE,1,alpha__field-title__f.mut
f,alpha,cast-add,tag_mov_container_mut,COMPLETE,1,alpha__cast-add__f.mut
f,alpha,catalog-reset-button,tag_mov_container_mut,COMPLETE,1,alpha__catalog-reset-button__f.mut
f,alpha,catalog-empty,tag_mov_container_mut,COMPLETE,1,alpha__catalog-empty__f.mut
f,alpha,card-meta,tag_mov_container_mut,COMPLETE,1,alpha__card-meta__f.mut
f,alpha,card-rating,tag_mov_container_mut,COMPLETE,1,alpha__card-rating__f.mut
f,alpha,detail-title,tag_mov_container_mut,COMPLETE,1,alpha__detail-title__f.mut
f,alpha,detail-synopsis,tag_mov_container_mut,COMPLETE,1,alpha__detail-synopsis__f.mut
f,alpha,cast-name,tag_mov_container_mut,COMPLETE,1,alpha__cast-name__f.mut
f,alpha,review-comment,tag_mov_container_mut,COMPLETE,1,alpha__review-comment__f.mut
f,alpha,review-field-comment,tag_mov_container_mut,COMPLETE,1,alpha__review-field-comment__f.mut
f,alpha,stats-heading,tag_mov_container_mut,COMPLETE,1,alpha__stats-heading__f.mut
f,alpha,genre-count,tag_mov_container_mut,COMPLETE,1,alpha__genre-count__f.mut
f,alpha,field-year,tag_mov_container_mut,COMPLETE,1,alpha__field-year__f.mut
f,alpha,cast-remove,tag_mov_container_mut,COMPLETE,1,alpha__cast-remove__f.mut
g,alpha,catalog-result-count,tag_mov_html_mut,COMPLETE,2,alpha__catalog-result-count__g.mut
g,alpha,catalog-search-input,tag_mov_html_mut,COMPLETE,2,alpha__catalog-search-input__g.mut
g,alpha,catalog-filter-genre,tag_mov_html_mut,COMPLETE,2,alpha__catalog-filter-genre__g.mut
g,alpha,catalog-sort,tag_mov_html_mut,COMPLETE,2,alpha__catalog-sort__g.mut
g,alpha,catalog-view-list,tag_mov_html_mut,COMPLETE,2,alpha__catalog-view-list__g.mut
g,alpha,card-title,tag_mov_html_mut,COMPLETE,2,alpha__card-title__g.mut
g,alpha,detail-meta,tag_mov_html_mut,COMPLETE,2,alpha__detail-meta__g.mut
g,alpha,cast-row,tag_mov_html_mut,COMPLETE,2,alpha__cast-row__g.mut
g,alpha,detail-delete-button,tag_mov_html_mut,COMPLETE,2,alpha__detail-delete-button__g.mut
g,alpha,detail-not-found,tag_mov_html_mut,COMPLETE,2,alpha__detail-not-found__g.mut
g,alpha,catalog-favorites-filter,tag_mov_html_mut,COMPLETE,2,alpha__catalog-favorites-filter__g.mut
g,alpha,card-favorite-toggle,tag_mov_html_mut,COMPLETE,2,alpha__card-favorite-toggle__g.mut
g,alpha,detail-favorite,tag_mov_html_mut,COMPLETE,2,alpha__detail-favorite__g.mut
g,alpha,review-item,tag_mov_html_mut,COMPLETE,2,alpha__review-item__g.mut
g,alpha,review-field-author,tag_mov_html_mut,COMPLETE,2,alpha__review-field-author__g.mut
g,alpha,review-submit,tag_mov_html_mut,COMPLETE,2,alpha__review-submit__g.mut
g,alpha,review-remove,tag_mov_html_mut,COMPLETE,2,alpha__review-remove__g.mut
g,alpha,stat-total-value,tag_mov_html_mut,COMPLETE,2,alpha__stat-total-value__g.mut
g,alpha,genre-row,tag_mov_html_mut,COMPLETE,2,alpha__genre-row__g.mut
g,alpha,top-row,tag_mov_html_mut,COMPLETE,2,alpha__top-row__g.mut
g,alpha,top-title,tag_mov_html_mut,COMPLETE,2,alpha__top-title__g.mut
g,alpha,field-title,tag_mov_html_mut,COMPLETE,2,alpha__field-title__g.mut
g,alpha,form-submit,tag_mov_html_mut,COMPLETE,2,alpha__form-submit__g.mut
g,alpha,cast-add,tag_mov_html_mut,COMPLETE,2,alpha__cast-add__g.mut
g,alpha,catalog-add-button,tag_mov_html_mut,COMPLETE,2,alpha__catalog-add-button__g.mut
g,alpha,catalog-reset-button,tag_mov_html_mut,COMPLETE,2,alpha__catalog-reset-button__g.mut
g,alpha,catalog-empty,tag_mov_html_mut,COMPLETE,2,alpha__catalog-empty__g.mut
g,alpha,catalog-modal-confirm,tag_mov_html_mut,COMPLETE,2,alpha__catalog-modal-confirm__g.mut
g,alpha,card-meta,tag_mov_html_mut,COMPLETE,2,alpha__card-meta__g.mut
g,alpha,card-rating,tag_mov_html_mut,COMPLETE,2,alpha__card-rating__g.mut
g,alpha,card-poster,tag_mov_html_mut,COMPLETE,2,alpha__card-poster__g.mut
g,alpha,detail-title,tag_mov_html_mut,COMPLETE,2,alpha__detail-title__g.mut
g,alpha,detail-synopsis,tag_mov_html_mut,COMPLETE,2,alpha__detail-synopsis__g.mut
g,alpha,cast-name,tag_mov_html_mut,COMPLETE,2,alpha__cast-name__g.mut
g,alpha,cast-role,tag_mov_html_mut,COMPLETE,2,alpha__cast-role__g.mut
g,alpha,reviews-average,tag_mov_html_mut,COMPLETE,2,alpha__reviews-average__g.mut
g,alpha,review-comment,tag_mov_html_mut,COMPLETE,2,alpha__review-comment__g.mut
g,alpha,review-field-comment,tag_mov_html_mut,COMPLETE,2,alpha__review-field-comment__g.mut
g,alpha,stats-heading,tag_mov_html_mut,COMPLETE,2,alpha__stats-heading__g.mut
g,alpha,genre-count,tag_mov_html_mut,COMPLETE,2,alpha__genre-count__g.mut
g,alpha,stat-favorites-value,tag_mov_html_mut,COMPLETE,2,alpha__stat-favorites-value__g.mut
g,alpha,field-year,tag_mov_html_mut,COMPLETE,2,alpha__field-year__g.mut
g,alpha,form-cancel,tag_mov_html_mut,COMPLETE,2,alpha__form-cancel__g.mut
g,alpha,cast-remove,tag_mov_html_mut,COMPLETE,2,alpha__cast-remove__g.mut
h,alpha,catalog-result-count,tag_mov_temp_mut,COMPLETE,2,alpha__catalog-result-count__h.mut
h,alpha,catalog-search-input,tag_mov_temp_mut,COMPLETE,2,alpha__catalog-search-input__h.mut
h,alpha,catalog-sort,tag_mov_temp_mut,COMPLETE,2,alpha__catalog-sort__h.mut
h,alpha,catalog-view-list,tag_mov_temp_mut,COMPLETE,2,alpha__catalog-view-list__h.mut
h,alpha,card-title,tag_mov_temp_mut,COMPLETE,2,alpha__card-title__h.mut
h,alpha,detail-meta,tag_mov_temp_mut,COMPLETE,2,alpha__detail-meta__h.mut
h,alpha,cast-row,tag_mov_temp_mut,COMPLETE,2,alpha__cast-row__h.mut
h,alpha,detail-delete-button,tag_mov_temp_mut,COMPLETE,2,alpha__detail-delete-button__h.mut
h,alpha,detail-not-found,tag_mov_temp_mut,COMPLETE,2,alpha__detail-not-found__h.mut
h,alpha,catalog-favorites-filter,tag_mov_temp_mut,COMPLETE,2,alpha__catalog-favorites-filter__h.mut
h,alpha,card-favorite-toggle,tag_mov_temp_mut,COMPLETE,2,alpha__card-favorite-toggle__h.mut
h,alpha,detail-favorite,tag_mov_temp_mut,COMPLETE,2,alpha__detail-favorite__h.mut
h,alpha,review-item,tag_mov_temp_mut,COMPLETE,2,alpha__review-item__h.mut
h,alpha,review-field-author,tag_mov_temp_mut,COMPLETE,2,alpha__review-field-author__h.mut
h,alpha,review-submit,tag_mov_temp_mut,COMPLETE,2,alpha__review-submit__h.mut
h,alpha,review-remove,tag_mov_temp_mut,COMPLETE,2,alpha__review-remove__h.mut
h,alpha,stat-total-value,tag_mov_temp_mut,COMPLETE,2,alpha__stat-total-value__h.mut
h,alpha,genre-row,tag_mov_temp_mut,COMPLETE,2,alpha__genre-row__h.mut
h,alpha,top-row,tag_mov_temp_mut,COMPLETE,2,alpha__top-row__h.mut
h,alpha,top-title,tag_mov_temp_mut,COMPLETE,2,alpha__top-title__h.mut
h,alpha,field-title,tag_mov_temp_mut,COMPLETE,2,alpha__field-title__h.mut
h,alpha,form-submit,tag_mov_temp_mut,COMPLETE,2,alpha__form-submit__h.mut
h,alpha,cast-add,tag_mov_temp_mut,COMPLETE,2,alpha__cast-add__h.mut
h,alpha,catalog-add-button,tag_mov_temp_mut,COMPLETE,2,alpha__catalog-add-button__h.mut
h,alpha,catalog-reset-button,tag_mov_temp_mut,COMPLETE,2,alpha__catalog-reset-button__h.mut
h,alpha,catalog-empty,tag_mov_temp_mut,COMPLETE,2,alpha__catalog-empty__h.mut
h,alpha,catalog-modal-confirm,tag_mov_temp_mut,COMPLETE,2,alpha__catalog-modal-confirm__h.mut
h,alpha,card-meta,tag_mov_temp_mut,COMPLETE,2,alpha__card-meta__h.mut
h,alpha,card-rating,tag_mov_temp_mut,COMPLETE,2,alpha__card-rating__h.mut
h,alpha,card-poster,tag_mov_temp_mut,COMPLETE,2,alpha__card-poster__h.mut
h,alpha,detail-title,tag_mov_temp_mut,COMPLETE,2,alpha__detail-title__h.mut
h,alpha,detail-synopsis,tag_mov_temp_mut,COMPLETE,2,alpha__detail-synopsis__h.mut
h,alpha,detail-edit-button,tag_mov_temp_mut,COMPLETE,2,alpha__detail-edit-button__h.mut
h,alpha,cast-name,tag_mov_temp_mut,COMPLETE,2,alpha__cast-name__h.mut
h,alpha,cast-role,tag_mov_temp_mut,COMPLETE,2,alpha__cast-role__h.mut
h,alpha,reviews-average,tag_mov_temp_mut,COMPLETE,2,alpha__reviews-average__h.mut
h,alpha,review-comment,tag_mov_temp_mut,COMPLETE,2,alpha__review-comment__h.mut
h,alpha,review-field-comment,tag_mov_temp_mut,COMPLETE,2,alpha__review-field-comment__h.mut
h,alpha,stats-heading,tag_mov_temp_mut,COMPLETE,2,alpha__stats-heading__h.mut
h,alpha,genre-count,tag_mov_temp_mut,COMPLETE,2,alpha__genre-count__h.mut
h,alpha,stat-favorites-value,tag_mov_temp_mut,COMPLETE,2,alpha__stat-favorites-value__h.mut
h,alpha,field-year,tag_mov_temp_mut,COMPLETE,2,alpha__field-year__h.mut
h,alpha,form-cancel,tag_mov_temp_mut,COMPLETE,2,alpha__form-cancel__h.mut
h,alpha,cast-remove,tag_mov_temp_mut,COMPLETE,2,alpha__cast-remove__h.mut
i,alpha,catalog-result-count,tag_rem_mut,COMPLETE,1,alpha__catalog-result-count__i.mut
i,alpha,catalog-search-input,tag_rem_mut,COMPLETE,1,alpha__catalog-search-input__i.mut
i,alpha,catalog-filter-genre,tag_rem_mut,COMPLETE,1,alpha__catalog-filter-genre__i.mut
i,alpha,catalog-view-list,tag_rem_mut,COMPLETE,1,alpha__catalog-view-list__i.mut
i,alpha,card-title,tag_rem_mut,COMPLETE,1,alpha__card-title__i.mut
i,alpha,detail-meta,tag_rem_mut,COMPLETE,1,alpha__detail-meta__i.mut
i,alpha,cast-row,tag_rem_mut,COMPLETE,1,alpha__cast-row__i.mut
i,alpha,detail-delete-button,tag_rem_mut,COMPLETE,1,alpha__detail-delete-button__i.mut
i,alpha,detail-not-found,tag_rem_mut,COMPLETE,1,alpha__detail-not-found__i.mut
i,alpha,catalog-favorites-filter,tag_rem_mut,COMPLETE,1,alpha__catalog-favorites-filter__i.mut
i,alpha,card-favorite-toggle,tag_rem_mut,COMPLETE,1,alpha__card-favorite-toggle__i.mut
i,alpha,detail-favorite,tag_rem_mut,COMPLETE,1,alpha__detail-favorite__i.mut
i,alpha,review-item,tag_rem_mut,COMPLETE,1,alpha__review-item__i.mut
i,alpha,review-field-author,tag_rem_mut,COMPLETE,1,alpha__review-field-author__i.mut
i,alpha,review-submit,tag_rem_mut,COMPLETE,1,alpha__review-submit__i.mut
i,alpha,review-remove,tag_rem_mut,COMPLETE,1,alpha__review-remove__i.mut
i,alpha,stat-total-value,tag_rem_mut,COMPLETE,1,alpha__stat-total-value__i.mut
i,alpha,genre-row,tag_rem_mut,COMPLETE,1,alpha__genre-row__i.mut
i,alpha,top-row,tag_rem_mut,COMPLETE,1,alpha__top-row__i.mut
i,alpha,top-title,tag_rem_mut,COMPLETE,1,alpha__top-title__i.mut
i,alpha,field-title,tag_rem_mut,COMPLETE,1,alpha__field-title__i.mut
i,alpha,form-submit,tag_rem_mut,COMPLETE,1,alpha__form-submit__i.mut
i,alpha,cast-add,tag_rem_mut,COMPLETE,1,alpha__cast-add__i.mut
i,alpha,catalog-reset-button,tag_rem_mut,COMPLETE,1,alpha__catalog-reset-button__i.mut
i,alpha,catalog-empty,tag_rem_mut,COMPLETE,1,alpha__catalog-empty__i.mut
i,alpha,catalog-modal-confirm,tag_rem_mut,COMPLETE,1,alpha__catalog-modal-confirm__i.mut
i,alpha,card-meta,tag_rem_mut,COMPLETE,1,alpha__card-meta__i.mut
i,alpha,card-poster,tag_rem_mut,COMPLETE,1,alpha__card-poster__i.mut
i,alpha,detail-title,tag_rem_mut,COMPLETE,1,alpha__detail-title__i.mut
i,alpha,detail-synopsis,tag_rem_mut,COMPLETE,1,alpha__detail-synopsis__i.mut
i,alpha,cast-name,tag_rem_mut,COMPLETE,1,alpha__cast-name__i.mut
i,alpha,reviews-average,tag_rem_mut,COMPLETE,1,alpha__reviews-average__i.mut
i,alpha,review-comment,tag_rem_mut,COMPLETE,1,alpha__review-comment__i.mut
i,alpha,review-field-comment,tag_rem_mut,COMPLETE,1,alpha__review-field-comment__i.mut
i,alpha,stats-heading,tag_rem_mut,COMPLETE,1,alpha__stats-heading__i.mut
i,alpha,genre-count,tag_rem_mut,COMPLETE,1,alpha__genre-count__i.mut
i,alpha,stat-favorites-value,tag_rem_mut,COMPLETE,1,alpha__stat-favorites-value__i.mut
i,alpha,field-year,tag_rem_mut,COMPLETE,1,alpha__field-year__i.mut
i,alpha,cast-remove,tag_rem_mut,COMPLETE,1,alpha__cast-remove__i.mut
j,alpha,catalog-result-count,tag_type_mod_mut,COMPLETE,1,alpha__catalog-result-count__j.mut
j,alpha,catalog-search-input,tag_type_mod_mut,COMPLETE,1,alpha__catalog-search-input__j.mut
j,alpha,catalog-filter-genre,tag_type_mod_mut,COMPLETE,1,alpha__catalog-filter-genre__j.mut
j,alpha,catalog-view-list,tag_type_mod_mut,COMPLETE,1,alpha__catalog-view-list__j.mut
j,alpha,card-title,tag_type_mod_mut,COMPLETE,1,alpha__card-title__j.mut
j,alpha,detail-meta,tag_type_mod_mut,COMPLETE,1,alpha__detail-meta__j.mut
j,alpha,cast-row,tag_type_mod_mut,COMPLETE,1,alpha__cast-row__j.mut
j,alpha,detail-delete-button,tag_type_mod_mut,COMPLETE,1,alpha__detail-delete-button__j.mut
j,alpha,detail-not-found,tag_type_mod_mut,COMPLETE,1,alpha__detail-not-found__j.mut
j,alpha,catalog-favorites-filter,tag_type_mod_mut,COMPLETE,1,alpha__catalog-favorites-filter__j.mut
j,alpha,card-favorite-toggle,tag_type_mod_mut,COMPLETE,1,alpha__card-favorite-toggle__j.mut
j,alpha,detail-favorite,tag_type_mod_mut,COMPLETE,1,alpha__detail-favorite__j.mut
j,alpha,review-item,tag_type_mod_mut,COMPLETE,1,alpha__review-item__j.mut
j,alpha,review-field-author,tag_type_mod_mut,COMPLETE,1,alpha__review-field-author__j.mut
j,alpha,review-submit,tag_type_mod_mut,COMPLETE,1,alpha__review-submit__j.mut
j,alpha,review-remove,tag_type_mod_mut,COMPLETE,1,alpha__review-remove__j.mut
j,alpha,stat-total-value,tag_type_mod_mut,COMPLETE,1,alpha__stat-total-value__j.mut
j,alpha,genre-row,tag_type_mod_mut,COMPLETE,1,alpha__genre-row__j.mut
j,alpha,top-row,tag_type_mod_mut,COMPLETE,1,alpha__top-row__j.mut
j,alpha,top-title,tag_type_mod_mut,COMPLETE,1,alpha__top-title__j.mut
j,alpha,field-title,tag_type_mod_mut,COMPLETE,1,alpha__field-title__j.mut
j,alpha,form-submit,tag_type_mod_mut,COMPLETE,1,alpha__form-submit__j.mut
j,alpha,cast-add,tag_type_mod_mut,COMPLETE,1,alpha__cast-add__j.mut
j,alpha,catalog-reset-button,tag_type_mod_mut,COMPLETE,1,alpha__catalog-reset-button__j.mut
j,alpha,catalog-empty,tag_type_mod_mut,COMPLETE,1,alpha__catalog-empty__j.mut
j,alpha,catalog-modal-confirm,tag_type_mod_mut,COMPLETE,1,alpha__catalog-modal-confirm__j.mut
j,alpha,card-meta,tag_type_mod_mut,COMPLETE,1,alpha__card-meta__j.mut
j,alpha,card-poster,tag_type_mod_mut,COMPLETE,1,alpha__card-poster__j.mut
j,alpha,detail-title,tag_type_mod_mut,COMPLETE,1,alpha__detail-title__j.mut
j,alpha,detail-synopsis,tag_type_mod_mut,COMPLETE,1,alpha__detail-synopsis__j.mut
j,alpha,cast-name,tag_type_mod_mut,COMPLETE,1,alpha__cast-name__j.mut
j,alpha,reviews-average,tag_type_mod_mut,COMPLETE,1,alpha__reviews-average__j.mut
j,alpha,review-comment,tag_type_mod_mut,COMPLETE,1,alpha__review-comment__j.mut
j,alpha,review-field-comment,tag_type_mod_mut,COMPLETE,1,alpha__review-field-comment__j.mut
j,alpha,stats-heading,tag_type_mod_mut,COMPLETE,1,alpha__stats-heading__j.mut
j,alpha,genre-count,tag_type_mod_mut,COMPLETE,1,alpha__genre-count__j.mut
j,alpha,stat-favorites-value,tag_type_mod_mut,COMPLETE,1,alpha__stat-favorites-value__j.mut
j,alpha,field-year,tag_type_mod_mut,COMPLETE,1,alpha__field-year__j.mut
j,alpha,cast-remove,tag_type_mod_mut,COMPLETE,1,alpha__cast-remove__j.mut
k,alpha,catalog-result-count,tag_ins_mut,COMPLETE,1,alpha__catalog-result-count__k.mut
k,alpha,catalog-search-input,tag_ins_mut,COMPLETE,1,alpha__catalog-search-input__k.mut
k,alpha,catalog-filter-genre,tag_ins_mut,COMPLETE,1,alpha__catalog-filter-genre__k.mut
k,alpha,catalog-view-list,tag_ins_mut,COMPLETE,1,alpha__catalog-view-list__k.mut
k,alpha,card-title,tag_ins_mut,COMPLETE,1,alpha__card-title__k.mut
k,alpha,detail-meta,tag_ins_mut,COMPLETE,1,alpha__detail-meta__k.mut
k,alpha,cast-row,tag_ins_mut,COMPLETE,1,alpha__cast-row__k.mut
k,alpha,detail-delete-button,tag_ins_mut,COMPLETE,1,alpha__detail-delete-button__k.mut
k,alpha,detail-not-found,tag_ins_mut,COMPLETE,1,alpha__detail-not-found__k.mut
k,alpha,catalog-favorites-filter,tag_ins_mut,COMPLETE,1,alpha__catalog-favorites-filter__k.mut
k,alpha,card-favorite-toggle,tag_ins_mut,COMPLETE,1,alpha__card-favorite-toggle__k.mut
k,alpha,detail-favorite,tag_ins_mut,COMPLETE,1,alpha__detail-favorite__k.mut
k,alpha,review-item,tag_ins_mut,COMPLETE,1,alpha__review-item__k.mut
k,alpha,review-field-author,tag_ins_mut,COMPLETE,1,alpha__review-field-author__k.mut
k,alpha,review-submit,tag_ins_mut,COMPLETE,1,alpha__review-submit__k.mut
k,alpha,review-remove,tag_ins_mut,COMPLETE,1,alpha__review-remove__k.mut
k,alpha,stat-total-value,tag_ins_mut,COMPLETE,1,alpha__stat-total-value__k.mut
k,alpha,genre-row,tag_ins_mut,COMPLETE,1,alpha__genre-row__k.mut
k,alpha,top-row,tag_ins_mut,COMPLETE,1,alpha__top-row__k.mut
k,alpha,top-title,tag_ins_mut,COMPLETE,1,alpha__top-title__k.mut
k,alpha,field-title,tag_ins_mut,COMPLETE,1,alpha__field-title__k.mut
k,alpha,form-submit,tag_ins_mut,COMPLETE,1,alpha__form-submit__k.mut
k,alpha,cast-add,tag_ins_mut,COMPLETE,1,alpha__cast-add__k.mut
k,alpha,catalog-reset-button,tag_ins_mut,COMPLETE,1,alpha__catalog-reset-button__k.mut
k,alpha,catalog-empty,tag_ins_mut,COMPLETE,1,alpha__catalog-empty__k.mut
k,alpha,catalog-modal-confirm,tag_ins_mut,COMPLETE,1,alpha__catalog-modal-confirm__k.mut
k,alpha,card-meta,tag_ins_mut,COMPLETE,1,alpha__card-meta__k.mut
k,alpha,card-poster,tag_ins_mut,COMPLETE,1,alpha__card-poster__k.mut
k,alpha,detail-title,tag_ins_mut,COMPLETE,1,alpha__detail-title__k.mut
k,alpha,detail-synopsis,tag_ins_mut,COMPLETE,1,alpha__detail-synopsis__k.mut
k,alpha,cast-name,tag_ins_mut,COMPLETE,1,alpha__cast-name__k.mut
k,alpha,reviews-average,tag_ins_mut,COMPLETE,1,alpha__reviews-average__k.mut
k,alpha,review-comment,tag_ins_mut,COMPLETE,1,alpha__review-comment__k.mut
k,alpha,review-field-comment,tag_ins_mut,COMPLETE,1,alpha__review-field-comment__k.mut
k,alpha,stats-heading,tag_ins_mut,COMPLETE,1,alpha__stats-heading__k.mut
k,alpha,genre-count,tag_ins_mut,COMPLETE,1,alpha__genre-count__k.mut
k,alpha,stat-favorites-value,tag_ins_mut,COMPLETE,1,alpha__stat-favorites-value__k.mut
k,alpha,field-year,tag_ins_mut,COMPLETE,1,alpha__field-year__k.mut
k,alpha,cast-remove,tag_ins_mut,COMPLETE,1,alpha__cast-remove__k.mut
a,beta,catalog-view-list,attr_val_mod_mut,COMPLETE,1,beta__catalog-view-list__a.mut
a,beta,card-title,attr_val_mod_mut,COMPLETE,1,beta__card-title__a.mut
a,beta,card-favorite-toggle,attr_val_mod_mut,COMPLETE,1,beta__card-favorite-toggle__a.mut
a,beta,cast-remove,attr_val_mod_mut,COMPLETE,1,beta__cast-remove__a.mut
b,beta,catalog-view-list,attr_rem_mut,COMPLETE,1,beta__catalog-view-list__b.mut
b,beta,card-title,attr_rem_mut,COMPLETE,1,beta__card-title__b.mut
b,beta,card-favorite-toggle,attr_rem_mut,COMPLETE,1,beta__card-favorite-toggle__b.mut
b,beta,cast-remove,attr_rem_mut,COMPLETE,1,beta__cast-remove__b.mut
d,beta,catalog-result-count,text_cont_mod_mut,COMPLETE,1,beta__catalog-result-count__d.mut
d,beta,detail-not-found,text_cont_mod_mut,COMPLETE,1,beta__detail-not-found__d.mut
d,beta,review-item,text_cont_mod_mut,COMPLETE,1,beta__review-item__d.mut
d,beta,genre-row,text_cont_mod_mut,COMPLETE,1,beta__genre-row__d.mut
d,beta,top-row,text_cont_mod_mut,COMPLETE,1,beta__top-row__d.mut
d,beta,review-field-comment,text_cont_mod_mut,COMPLETE,1,beta__review-field-comment__d.mut
d,beta,field-year,text_cont_mod_mut,COMPLETE,1,beta__field-year__d.mut
e,beta,detail-not-found,text_cont_rem_mut,COMPLETE,1,beta__detail-not-found__e.mut
e,beta,review-item,text_cont_rem_mut,COMPLETE,1,beta__review-item__e.mut
e,beta,genre-row,text_cont_rem_mut,COMPLETE,1,beta__genre-row__e.mut
e,beta,top-row,text_cont_rem_mut,COMPLETE,1,beta__top-row__e.mut
e,beta,catalog-empty,text_cont_rem_mut,COMPLETE,1,beta__catalog-empty__e.mut
e,beta,reviews-average,text_cont_rem_mut,COMPLETE,1,beta__reviews-average__e.mut
f,beta,catalog-result-count,tag_mov_container_mut,COMPLETE,1,beta__catalog-result-count__f.mut
f,beta,catalog-search-input,tag_mov_container_mut,COMPLETE,1,beta__catalog-search-input__f.mut
f,beta,catalog-view-list,tag_mov_container_mut,COMPLETE,1,beta__catalog-view-list__f.mut
f,beta,detail-meta,tag_mov_container_mut,COMPLETE,1,beta__detail-meta__f.mut
f,beta,detail-delete-button,tag_mov_container_mut,COMPLETE,1,beta__detail-delete-button__f.mut
f,beta,review-item,tag_mov_container_mut,COMPLETE,1,beta__review-item__f.mut
f,beta,review-submit,tag_mov_container_mut,COMPLETE,1,beta__review-submit__f.mut
f,beta,top-row,tag_mov_container_mut,COMPLETE,1,beta__top-row__f.mut
f,beta,top-title,tag_mov_container_mut,COMPLETE,1,beta__top-title__f.mut
f,beta,form-submit,tag_mov_container_mut,COMPLETE,1,beta__form-submit__f.mut
f,beta,catalog-add-button,tag_mov_container_mut,COMPLETE,1,beta__catalog-add-button__f.mut
f,beta,catalog-modal-confirm,tag_mov_container_mut,COMPLETE,1,beta__catalog-modal-confirm__f.mut
f,beta,detail-edit-button,tag_mov_container_mut,COMPLETE,1,beta__detail-edit-button__f.mut
f,beta,reviews-average,tag_mov_container_mut,COMPLETE,1,beta__reviews-average__f.mut
f,beta,review-field-comment,tag_mov_container_mut,COMPLETE,1,beta__review-field-comment__f.mut
f,beta,stat-favorites-value,tag_mov_container_mut,COMPLETE,1,beta__stat-favorites-value__f.mut
f,beta,field-year,tag_mov_container_mut,COMPLETE,1,beta__field-year__f.mut
f,beta,form-cancel,tag_mov_container_mut,COMPLETE,1,beta__form-cancel__f.mut
g,beta,catalog-result-count,tag_mov_html_mut,COMPLETE,2,beta__catalog-result-count__g.mut
g,beta,catalog-search-input,tag_mov_html_mut,COMPLETE,2,beta__catalog-search-input__g.mut
g,beta,catalog-filter-genre,tag_mov_html_mut,COMPLETE,2,beta__catalog-filter-genre__g.mut
g,beta,catalog-sort,tag_mov_html_mut,COMPLETE,2,beta__catalog-sort__g.mut
g,beta,catalog-view-list,tag_mov_html_mut,COMPLETE,2,beta__catalog-view-list__g.mut
g,beta,card-title,tag_mov_html_mut,COMPLETE,2,beta__card-title__g.mut
g,beta,detail-meta,tag_mov_html_mut,COMPLETE,2,beta__detail-meta__g.mut
g,beta,cast-row,tag_mov_html_mut,COMPLETE,2,beta__cast-row__g.mut
g,beta,detail-delete-button,tag_mov_html_mut,COMPLETE,2,beta__detail-delete-button__g.mut
g,beta,detail-not-found,tag_mov_html_mut,COMPLETE,2,beta__detail-not-found__g.mut
g,beta,catalog-favorites-filter,tag_mov_html_mut,COMPLETE,2,beta__catalog-favorites-filter__g.mut
g,beta,card-favorite-toggle,tag_mov_html_mut,COMPLETE,2,beta__card-favorite-toggle__g.mut
g,beta,detail-favorite,tag_mov_html_mut,COMPLETE,2,beta__detail-favorite__g.mut
g,beta,review-item,tag_mov_html_mut,COMPLETE,2,beta__review-item__g.mut
g,beta,review-field-author,tag_mov_html_mut,COMPLETE,2,beta__review-field-author__g.mut
g,beta,review-submit,tag_mov_html_mut,COMPLETE,2,beta__review-submit__g.mut
g,beta,review-remove,tag_mov_html_mut,COMPLETE,2,beta__review-remove__g.mut
g,beta,stat-total-value,tag_mov_html_mut,COMPLETE,2,beta__stat-total-value__g.mut
g,beta,genre-row,tag_mov_html_mut,COMPLETE,2,beta__genre-row__g.mut
g,beta,top-row,tag_mov_html_mut,COMPLETE,2,beta__top-row__g.mut
g,beta,top-title,tag_mov_html_mut,COMPLETE,2,beta__top-title__g.mut
g,beta,field-title,tag_mov_html_mut,COMPLETE,2,beta__field-title__g.mut
g,beta,form-submit,tag_mov_html_mut,COMPLETE,2,beta__form-submit__g.mut
g,beta,cast-add,tag_mov_html_mut,COMPLETE,2,beta__cast-add__g.mut
g,beta,catalog-reset-button,tag_mov_html_mut,COMPLETE,2,beta__catalog-reset-button__g.mut
g,beta,catalog-modal-confirm,tag_mov_html_mut,COMPLETE,2,beta__catalog-modal-confirm__g.mut
g,beta,card-meta,tag_mov_html_mut,COMPLETE,2,beta__card-meta__g.mut
g,beta,card-rating,tag_mov_html_mut,COMPLETE,2,beta__card-rating__g.mut
g,beta,detail-synopsis,tag_mov_html_mut,COMPLETE,2,beta__detail-synopsis__g.mut
g,beta,cast-name,tag_mov_html_mut,COMPLETE,2,beta__cast-name__g.mut
g,beta,cast-role,tag_mov_html_mut,COMPLETE,2,beta__cast-role__g.mut
g,beta,reviews-average,tag_mov_html_mut,COMPLETE,2,beta__reviews-average__g.mut
g,beta,review-field-comment,tag_mov_html_mut,COMPLETE,2,beta__review-field-comment__g.mut
g,beta,stats-heading,tag_mov_html_mut,COMPLETE,2,beta__stats-heading__g.mut
g,beta,genre-count,tag_mov_html_mut,COMPLETE,2,beta__genre-count__g.mut
g,beta,stat-favorites-value,tag_mov_html_mut,COMPLETE,2,beta__stat-favorites-value__g.mut
g,beta,field-year,tag_mov_html_mut,COMPLETE,2,beta__field-year__g.mut
g,beta,form-cancel,tag_mov_html_mut,COMPLETE,2,beta__form-cancel__g.mut
g,beta,cast-remove,tag_mov_html_mut,COMPLETE,2,beta__cast-remove__g.mut
h,beta,catalog-result-count,tag_mov_temp_mut,COMPLETE,2,beta__catalog-result-count__h.mut
h,beta,catalog-search-input,tag_mov_temp_mut,COMPLETE,2,beta__catalog-search-input__h.mut
h,beta,catalog-filter-genre,tag_mov_temp_mut,COMPLETE,2,beta__catalog-filter-genre__h.mut
h,beta,catalog-sort,tag_mov_temp_mut,COMPLETE,2,beta__catalog-sort__h.mut
h,beta,catalog-view-list,tag_mov_temp_mut,COMPLETE,2,beta__catalog-view-list__h.mut
h,beta,card-title,tag_mov_temp_mut,COMPLETE,2,beta__card-title__h.mut
h,beta,detail-meta,tag_mov_temp_mut,COMPLETE,2,beta__detail-meta__h.mut
h,beta,cast-row,tag_mov_temp_mut,COMPLETE,2,beta__cast-row__h.mut
h,beta,detail-delete-button,tag_mov_temp_mut,COMPLETE,2,beta__detail-delete-button__h.mut
h,beta,detail-not-found,tag_mov_temp_mut,COMPLETE,2,beta__detail-not-found__h.mut
h,beta,catalog-favorites-filter,tag_mov_temp_mut,COMPLETE,2,beta__catalog-favorites-filter__h.mut
h,beta,card-favorite-toggle,tag_mov_temp_mut,COMPLETE,2,beta__card-favorite-toggle__h.mut
h,beta,detail-favorite,tag_mov_temp_mut,COMPLETE,2,beta__detail-favorite__h.mut
h,beta,review-item,tag_mov_temp_mut,COMPLETE,2,beta__review-item__h.mut
h,beta,review-field-author,tag_mov_temp_mut,COMPLETE,2,beta__review-field-author__h.mut
h,beta,review-submit,tag_mov_temp_mut,COMPLETE,2,beta__review-submit__h.mut
h,beta,review-remove,tag_mov_temp_mut,COMPLETE,2,beta__review-remove__h.mut
h,beta,stat-total-value,tag_mov_temp_mut,COMPLETE,2,beta__stat-total-value__h.mut
h,beta,genre-row,tag_mov_temp_mut,COMPLETE,2,beta__genre-row__h.mut
h,beta,top-row,tag_mov_temp_mut,COMPLETE,2,beta__top-row__h.mut
h,beta,top-title,tag_mov_temp_mut,COMPLETE,2,beta__top-title__h.mut
h,beta,field-title,tag_mov_temp_mut,COMPLETE,2,beta__field-title__h.mut
h,beta,form-submit,tag_mov_temp_mut,COMPLETE,2,beta__form-submit__h.mut
h,beta,cast-add,tag_mov_temp_mut,COMPLETE,2,beta__cast-add__h.mut
h,beta,catalog-add-button,tag_mov_temp_mut,COMPLETE,2,beta__catalog-add-button__h.mut
h,beta,catalog-reset-button,tag_mov_temp_mut,COMPLETE,2,beta__catalog-reset-button__h.mut
h,beta,catalog-empty,tag_mov_temp_mut,COMPLETE,2,beta__catalog-empty__h.mut
h,beta,catalog-modal-confirm,tag_mov_temp_mut,COMPLETE,2,beta__catalog-modal-confirm__h.mut
h,beta,card-meta,tag_mov_temp_mut,COMPLETE,2,beta__card-meta__h.mut
h,beta,card-rating,tag_mov_temp_mut,COMPLETE,2,beta__card-rating__h.mut
h,beta,card-poster,tag_mov_temp_mut,COMPLETE,2,beta__card-poster__h.mut
h,beta,detail-title,tag_mov_temp_mut,COMPLETE,2,beta__detail-title__h.mut
h,beta,detail-synopsis,tag_mov_temp_mut,COMPLETE,2,beta__detail-synopsis__h.mut
h,beta,detail-edit-button,tag_mov_temp_mut,COMPLETE,2,beta__detail-edit-button__h.mut
h,beta,cast-name,tag_mov_temp_mut,COMPLETE,2,beta__cast-name__h.mut
h,beta,cast-role,tag_mov_temp_mut,COMPLETE,2,beta__cast-role__h.mut
h,beta,reviews-average,tag_mov_temp_mut,COMPLETE,2,beta__reviews-average__h.mut
h,beta,review-comment,tag_mov_temp_mut,COMPLETE,2,beta__review-comment__h.mut
h,beta,review-field-comment,tag_mov_temp_mut,COMPLETE,2,beta__review-field-comment__h.mut
h,beta,stats-heading,tag_mov_temp_mut,COMPLETE,2,beta__stats-heading__h.mut
h,beta,genre-count,tag_mov_temp_mut,COMPLETE,2,beta__genre-count__h.mut
h,beta,stat-favorites-value,tag_mov_temp_mut,COMPLETE,2,beta__stat-favorites-value__h.mut
h,beta,field-year,tag_mov_temp_mut,COMPLETE,2,beta__field-year__h.mut
h,beta,form-cancel,tag_mov_temp_mut,COMPLETE,2,beta__form-cancel__h.mut
h,beta,cast-remove,tag_mov_temp_mut,COMPLETE,2,beta__cast-remove__h.mut
i,beta,catalog-result-count,tag_rem_mut,COMPLETE,1,beta__catalog-result-count__i.mut
i,beta,catalog-search-input,tag_rem_mut,COMPLETE,1,beta__catalog-search-input__i.mut
i,beta,catalog-view-list,tag_rem_mut,COMPLETE,1,beta__catalog-view-list__i.mut
i,beta,card-title,tag_rem_mut,COMPLETE,1,beta__card-title__i.mut
i,beta,detail-meta,tag_rem_mut,COMPLETE,1,beta__detail-meta__i.mut
i,beta,detail-delete-button,tag_rem_mut,COMPLETE,1,beta__detail-delete-button__i.mut
i,beta,card-favorite-toggle,tag_rem_mut,COMPLETE,1,beta__card-favorite-toggle__i.mut
i,beta,review-item,tag_rem_mut,COMPLETE,1,beta__review-item__i.mut
i,beta,review-field-author,tag_rem_mut,COMPLETE,1,beta__review-field-author__i.mut
i,beta,review-submit,tag_rem_mut,COMPLETE,1,beta__review-submit__i.mut
i,beta,review-remove,tag_rem_mut,COMPLETE,1,beta__review-remove__i.mut
i,beta,stat-total-value,tag_rem_mut,COMPLETE,1,beta__stat-total-value__i.mut
i,beta,genre-row,tag_rem_mut,COMPLETE,1,beta__genre-row__i.mut
i,beta,top-row,tag_rem_mut,COMPLETE,1,beta__top-row__i.mut
i,beta,top-title,tag_rem_mut,COMPLETE,1,beta__top-title__i.mut
i,beta,field-title,tag_rem_mut,COMPLETE,1,beta__field-title__i.mut
i,beta,form-submit,tag_rem_mut,COMPLETE,1,beta__form-submit__i.mut
i,beta,cast-add,tag_rem_mut,COMPLETE,1,beta__cast-add__i.mut
i,beta,catalog-modal-confirm,tag_rem_mut,COMPLETE,1,beta__catalog-modal-confirm__i.mut
i,beta,detail-synopsis,tag_rem_mut,COMPLETE,1,beta__detail-synopsis__i.mut
i,beta,reviews-average,tag_rem_mut,COMPLETE,1,beta__reviews-average__i.mut
i,beta,review-field-comment,tag_rem_mut,COMPLETE,1,beta__review-field-comment__i.mut
i,beta,stats-heading,tag_rem_mut,COMPLETE,1,beta__stats-heading__i.mut
i,beta,stat-favorites-value,tag_rem_mut,COMPLETE,1,beta__stat-favorites-value__i.mut
i,beta,field-year,tag_rem_mut,COMPLETE,1,beta__field-year__i.mut
i,beta,cast-remove,tag_rem_mut,COMPLETE,1,beta__cast-remove__i.mut
j,beta,catalog-result-count,tag_type_mod_mut,COMPLETE,1,beta__catalog-result-count__j.mut
j,beta,catalog-search-input,tag_type_mod_mut,COMPLETE,1,beta__catalog-search-input__j.mut
j,beta,catalog-view-list,tag_type_mod_mut,COMPLETE,1,beta__catalog-view-list__j.mut
j,beta,card-title,tag_type_mod_mut,COMPLETE,1,beta__card-title__j.mut
j,beta,detail-meta,tag_type_mod_mut,COMPLETE,1,beta__detail-meta__j.mut
j,beta,detail-delete-button,tag_type_mod_mut,COMPLETE,1,beta__detail-delete-button__j.mut
j,beta,card-favorite-toggle,tag_type_mod_mut,COMPLETE,1,beta__card-favorite-toggle__j.mut
j,beta,review-item,tag_type_mod_mut,COMPLETE,1,beta__review-item__j.mut
j,beta,review-field-author,tag_type_mod_mut,COMPLETE,1,beta__review-field-author__j.mut
j,beta,review-submit,tag_type_mod_mut,COMPLETE,1,beta__review-submit__j.mut
j,beta,review-remove,tag_type_mod_mut,COMPLETE,1,beta__review-remove__j.mut
j,beta,stat-total-value,tag_type_mod_mut,COMPLETE,1,beta__stat-total-value__j.mut
j,beta,genre-row,tag_type_mod_mut,COMPLETE,1,beta__genre-row__j.mut
j,beta,top-row,tag_type_mod_mut,COMPLETE,1,beta__top-row__j.mut
j,beta,top-title,tag_type_mod_mut,COMPLETE,1,beta__top-title__j.mut
j,beta,field-title,tag_type_mod_mut,COMPLETE,1,beta__field-title__j.mut
j,beta,form-submit,tag_type_mod_mut,COMPLETE,1,beta__form-submit__j.mut
j,beta,cast-add,tag_type_mod_mut,COMPLETE,1,beta__cast-add__j.mut
j,beta,catalog-modal-confirm,tag_type_mod_mut,COMPLETE,1,beta__catalog-modal-confirm__j.mut
j,beta,detail-synopsis,tag_type_mod_mut,COMPLETE,1,beta__detail-synopsis__j.mut
j,beta,reviews-average,tag_type_mod_mut,COMPLETE,1,beta__reviews-average__j.mut
j,beta,review-field-comment,tag_type_mod_mut,COMPLETE,1,beta__review-field-comment__j.mut
j,beta,stats-heading,tag_type_mod_mut,COMPLETE,1,beta__stats-heading__j.mut
j,beta,stat-favorites-value,tag_type_mod_mut,COMPLETE,1,beta__stat-favorites-value__j.mut
j,beta,field-year,tag_type_mod_mut,COMPLETE,1,beta__field-year__j.mut
j,beta,cast-remove,tag_type_mod_mut,COMPLETE,1,beta__cast-remove__j.mut
k,beta,catalog-result-count,tag_ins_mut,COMPLETE,1,beta__catalog-result-count__k.mut
k,beta,catalog-search-input,tag_ins_mut,COMPLETE,1,beta__catalog-search-input__k.mut
k,beta,catalog-view-list,tag_ins_mut,COMPLETE,1,beta__catalog-view-list__k.mut
k,beta,card-title,tag_ins_mut,COMPLETE,1,beta__card-title__k.mut
k,beta,detail-meta,tag_ins_mut,COMPLETE,1,beta__detail-meta__k.mut
k,beta,detail-delete-button,tag_ins_mut,COMPLETE,1,beta__detail-delete-button__k.mut
k,beta,card-favorite-toggle,tag_ins_mut,COMPLETE,1,beta__card-favorite-toggle__k.mut
k,beta,review-item,tag_ins_mut,COMPLETE,1,beta__review-item__k.mut
k,beta,review-field-author,tag_ins_mut,COMPLETE,1,beta__review-field-author__k.mut
k,beta,review-submit,tag_ins_mut,COMPLETE,1,beta__review-submit__k.mut
k,beta,review-remove,tag_ins_mut,COMPLETE,1,beta__review-remove__k.mut
k,beta,stat-total-value,tag_ins_mut,COMPLETE,1,beta__stat-total-value__k.mut
k,beta,genre-row,tag_ins_mut,COMPLETE,1,beta__genre-row__k.mut
k,beta,top-row,tag_ins_mut,COMPLETE,1,beta__top-row__k.mut
k,beta,top-title,tag_ins_mut,COMPLETE,1,beta__top-title__k.mut
k,beta,field-title,tag_ins_mut,COMPLETE,1,beta__field-title__k.mut
k,beta,form-submit,tag_ins_mut,COMPLETE,1,beta__form-submit__k.mut
k,beta,cast-add,tag_ins_mut,COMPLETE,1,beta__cast-add__k.mut
k,beta,catalog-modal-confirm,tag_ins_mut,COMPLETE,1,beta__catalog-modal-confirm__k.mut
k,beta,detail-synopsis,tag_ins_mut,COMPLETE,1,beta__detail-synopsis__k.mut
k,beta,reviews-average,tag_ins_mut,COMPLETE,1,beta__reviews-average__k.mut
k,beta,review-field-comment,tag_ins_mut,COMPLETE,1,beta__review-field-comment__k.mut
k,beta,stats-heading,tag_ins_mut,COMPLETE,1,beta__stats-heading__k.mut
k,beta,stat-favorites-value,tag_ins_mut,COMPLETE,1,beta__stat-favorites-value__k.mut
k,beta,field-year,tag_ins_mut,COMPLETE,1,beta__field-year__k.mut
k,beta,cast-remove,tag_ins_mut,COMPLETE,1,beta__cast-remove__k.mut
a,delta,catalog-filter-genre,attr_val_mod_mut,COMPLETE,1,delta__catalog-filter-genre__a.mut
a,delta,catalog-sort,attr_val_mod_mut,COMPLETE,1,delta__catalog-sort__a.mut
a,delta,catalog-view-list,attr_val_mod_mut,COMPLETE,1,delta__catalog-view-list__a.mut
a,delta,detail-delete-button,attr_val_mod_mut,COMPLETE,1,delta__detail-delete-button__a.mut
a,delta,form-submit,attr_val_mod_mut,COMPLETE,1,delta__form-submit__a.mut
a,delta,catalog-reset-button,attr_val_mod_mut,COMPLETE,1,delta__catalog-reset-button__a.mut
a,delta,catalog-modal-confirm,attr_val_mod_mut,COMPLETE,1,delta__catalog-modal-confirm__a.mut
a,delta,card-poster,attr_val_mod_mut,COMPLETE,1,delta__card-poster__a.mut
a,delta,cast-remove,attr_val_mod_mut,COMPLETE,1,delta__cast-remove__a.mut
b,delta,catalog-filter-genre,attr_rem_mut,COMPLETE,1,delta__catalog-filter-genre__b.mut
b,delta,catalog-sort,attr_rem_mut,COMPLETE,1,delta__catalog-sort__b.mut
b,delta,catalog-view-list,attr_rem_mut,COMPLETE,1,delta__catalog-view-list__b.mut
b,delta,detail-delete-button,attr_rem_mut,COMPLETE,1,delta__detail-delete-button__b.mut
b,delta,catalog-favorites-filter,attr_rem_mut,COMPLETE,1,delta__catalog-favorites-filter__b.mut
b,delta,form-submit,attr_rem_mut,COMPLETE,1,delta__form-submit__b.mut
b,delta,catalog-modal-confirm,attr_rem_mut,COMPLETE,1,delta__catalog-modal-confirm__b.mut
b,delta,card-poster,attr_rem_mut,COMPLETE,1,delta__card-poster__b.mut
b,delta,detail-edit-button,attr_rem_mut,COMPLETE,1,delta__detail-edit-button__b.mut
b,delta,cast-remove,attr_rem_mut,COMPLETE,1,delta__cast-remove__b.mut
d,delta,catalog-result-count,text_cont_mod_mut,COMPLETE,1,delta__catalog-result-count__d.mut
d,delta,catalog-sort,text_cont_mod_mut,COMPLETE,1,delta__catalog-sort__d.mut
d,delta,catalog-view-list,text_cont_mod_mut,COMPLETE,1,delta__catalog-view-list__d.mut
d,delta,detail-meta,text_cont_mod_mut,COMPLETE,1,delta__detail-meta__d.mut
d,delta,detail-delete-button,text_cont_mod_mut,COMPLETE,1,delta__detail-delete-button__d.mut
d,delta,review-field-author,text_cont_mod_mut,COMPLETE,1,delta__review-field-author__d.mut
d,delta,review-remove,text_cont_mod_mut,COMPLETE,1,delta__review-remove__d.mut
d,delta,stat-total-value,text_cont_mod_mut,COMPLETE,1,delta__stat-total-value__d.mut
d,delta,field-title,text_cont_mod_mut,COMPLETE,1,delta__field-title__d.mut
d,delta,form-submit,text_cont_mod_mut,COMPLETE,1,delta__form-submit__d.mut
d,delta,cast-add,text_cont_mod_mut,COMPLETE,1,delta__cast-add__d.mut
d,delta,catalog-modal-confirm,text_cont_mod_mut,COMPLETE,1,delta__catalog-modal-confirm__d.mut
d,delta,card-meta,text_cont_mod_mut,COMPLETE,1,delta__card-meta__d.mut
d,delta,detail-synopsis,text_cont_mod_mut,COMPLETE,1,delta__detail-synopsis__d.mut
d,delta,cast-name,text_cont_mod_mut,COMPLETE,1,delta__cast-name__d.mut
d,delta,reviews-average,text_cont_mod_mut,COMPLETE,1,delta__reviews-average__d.mut
d,delta,review-field-comment,text_cont_mod_mut,COMPLETE,1,delta__review-field-comment__d.mut
d,delta,stat-favorites-value,text_cont_mod_mut,COMPLETE,1,delta__stat-favorites-value__d.mut
d,delta,field-year,text_cont_mod_mut,COMPLETE,1,delta__field-year__d.mut
e,delta,catalog-result-count,text_cont_rem_mut,COMPLETE,1,delta__catalog-result-count__e.mut
e,delta,catalog-sort,text_cont_rem_mut,COMPLETE,1,delta__catalog-sort__e.mut
e,delta,catalog-view-list,text_cont_rem_mut,COMPLETE,1,delta__catalog-view-list__e.mut
e,delta,detail-meta,text_cont_rem_mut,COMPLETE,1,delta__detail-meta__e.mut
e,delta,detail-delete-button,text_cont_rem_mut,COMPLETE,1,delta__detail-delete-button__e.mut
e,delta,review-field-author,text_cont_rem_mut,COMPLETE,1,delta__review-field-author__e.mut
e,delta,review-remove,text_cont_rem_mut,COMPLETE,1,delta__review-remove__e.mut
e,delta,stat-total-value,text_cont_rem_mut,COMPLETE,1,delta__stat-total-value__e.mut
e,delta,field-title,text_cont_rem_mut,COMPLETE,1,delta__field-title__e.mut
e,delta,form-submit,text_cont_rem_mut,COMPLETE,1,delta__form-submit__e.mut
e,delta,cast-add,text_cont_rem_mut,COMPLETE,1,delta__cast-add__e.mut
e,delta,catalog-modal-confirm,text_cont_rem_mut,COMPLETE,1,delta__catalog-modal-confirm__e.mut
e,delta,card-meta,text_cont_rem_mut,COMPLETE,1,delta__card-meta__e.mut
e,delta,detail-synopsis,text_cont_rem_mut,COMPLETE,1,delta__detail-synopsis__e.mut
e,delta,cast-name,text_cont_rem_mut,COMPLETE,1,delta__cast-name__e.mut
e,delta,reviews-average,text_cont_rem_mut,COMPLETE,1,delta__reviews-average__e.mut
e,delta,review-field-comment,text_cont_rem_mut,COMPLETE,1,delta__review-field-comment__e.mut
e,delta,stat-favorites-value,text_cont_rem_mut,COMPLETE,1,delta__stat-favorites-value__e.mut
e,delta,field-year,text_cont_rem_mut,COMPLETE,1,delta__field-year__e.mut
f,delta,catalog-result-count,tag_mov_container_mut,COMPLETE,1,delta__catalog-result-count__f.mut
f,delta,catalog-filter-genre,tag_mov_container_mut,COMPLETE,1,delta__catalog-filter-genre__f.mut
f,delta,catalog-sort,tag_mov_container_mut,COMPLETE,1,delta__catalog-sort__f.mut
f,delta,detail-meta,tag_mov_container_mut,COMPLETE,1,delta__detail-meta__f.mut
f,delta,detail-delete-button,tag_mov_container_mut,COMPLETE,1,delta__detail-delete-button__f.mut
f,delta,detail-not-found,tag_mov_container_mut,COMPLETE,1,delta__detail-not-found__f.mut
f,delta,card-favorite-toggle,tag_mov_container_mut,COMPLETE,1,delta__card-favorite-toggle__f.mut
f,delta,detail-favorite,tag_mov_container_mut,COMPLETE,1,delta__detail-favorite__f.mut
f,delta,review-field-author,tag_mov_container_mut,COMPLETE,1,delta__review-field-author__f.mut
f,delta,review-remove,tag_mov_container_mut,COMPLETE,1,delta__review-remove__f.mut
f,delta,stat-total-value,tag_mov_container_mut,COMPLETE,1,delta__stat-total-value__f.mut
f,delta,field-title,tag_mov_container_mut,COMPLETE,1,delta__field-title__f.mut
f,delta,form-submit,tag_mov_container_mut,COMPLETE,1,delta__form-submit__f.mut
f,delta,catalog-empty,tag_mov_container_mut,COMPLETE,1,delta__catalog-empty__f.mut
f,delta,catalog-modal-confirm,tag_mov_container_mut,COMPLETE,1,delta__catalog-modal-confirm__f.mut
f,delta,card-meta,tag_mov_container_mut,COMPLETE,1,delta__card-meta__f.mut
f,delta,card-rating,tag_mov_container_mut,COMPLETE,1,delta__card-rating__f.mut
f,delta,card-poster,tag_mov_container_mut,COMPLETE,1,delta__card-poster__f.mut
f,delta,cast-name,tag_mov_container_mut,COMPLETE,1,delta__cast-name__f.mut
f,delta,reviews-average,tag_mov_container_mut,COMPLETE,1,delta__reviews-average__f.mut
f,delta,review-field-comment,tag_mov_container_mut,COMPLETE,1,delta__review-field-comment__f.mut
f,delta,stats-heading,tag_mov_container_mut,COMPLETE,1,delta__stats-heading__f.mut
f,delta,genre-count,tag_mov_container_mut,COMPLETE,1,delta__genre-count__f.mut
f,delta,stat-favorites-value,tag_mov_container_mut,COMPLETE,1,delta__stat-favorites-value__f.mut
f,delta,field-year,tag_mov_container_mut,COMPLETE,1,delta__field-year__f.mut
f,delta,cast-remove,tag_mov_container_mut,COMPLETE,1,delta__cast-remove__f.mut
g,delta,catalog-result-count,tag_mov_html_mut,COMPLETE,2,delta__catalog-result-count__g.mut
g,delta,catalog-filter-genre,tag_mov_html_mut,COMPLETE,2,delta__catalog-filter-genre__g.mut
g,delta,catalog-sort,tag_mov_html_mut,COMPLETE,2,delta__catalog-sort__g.mut
g,delta,catalog-view-list,tag_mov_html_mut,COMPLETE,2,delta__catalog-view-list__g.mut
g,delta,detail-meta,tag_mov_html_mut,COMPLETE,2,delta__detail-meta__g.mut
g,delta,detail-delete-button,tag_mov_html_mut,COMPLETE,2,delta__detail-delete-button__g.mut
g,delta,detail-not-found,tag_mov_html_mut,COMPLETE,2,delta__detail-not-found__g.mut
g,delta,card-favorite-toggle,tag_mov_html_mut,COMPLETE,2,delta__card-favorite-toggle__g.mut
g,delta,detail-favorite,tag_mov_html_mut,COMPLETE,2,delta__detail-favorite__g.mut
g,delta,review-field-author,tag_mov_html_mut,COMPLETE,2,delta__review-field-author__g.mut
g,delta,review-remove,tag_mov_html_mut,COMPLETE,2,delta__review-remove__g.mut
g,delta,stat-total-value,tag_mov_html_mut,COMPLETE,2,delta__stat-total-value__g.mut
g,delta,field-title,tag_mov_html_mut,COMPLETE,2,delta__field-title__g.mut
g,delta,form-submit,tag_mov_html_mut,COMPLETE,2,delta__form-submit__g.mut
g,delta,cast-add,tag_mov_html_mut,COMPLETE,2,delta__cast-add__g.mut
g,delta,catalog-reset-button,tag_mov_html_mut,COMPLETE,2,delta__catalog-reset-button__g.mut
g,delta,catalog-empty,tag_mov_html_mut,COMPLETE,2,delta__catalog-empty__g.mut
g,delta,catalog-modal-confirm,tag_mov_html_mut,COMPLETE,2,delta__catalog-modal-confirm__g.mut
g,delta,card-meta,tag_mov_html_mut,COMPLETE,2,delta__card-meta__g.mut
g,delta,card-poster,tag_mov_html_mut,COMPLETE,2,delta__card-poster__g.mut
g,delta,detail-synopsis,tag_mov_html_mut,COMPLETE,2,delta__detail-synopsis__g.mut
g,delta,detail-edit-button,tag_mov_html_mut,COMPLETE,2,delta__detail-edit-button__g.mut
g,delta,cast-name,tag_mov_html_mut,COMPLETE,2,delta__cast-name__g.mut
g,delta,cast-role,tag_mov_html_mut,COMPLETE,2,delta__cast-role__g.mut
g,delta,reviews-average,tag_mov_html_mut,COMPLETE,2,delta__reviews-average__g.mut
g,delta,review-comment,tag_mov_html_mut,COMPLETE,2,delta__review-comment__g.mut
g,delta,review-field-comment,tag_mov_html_mut,COMPLETE,2,delta__review-field-comment__g.mut
g,delta,stats-heading,tag_mov_html_mut,COMPLETE,2,delta__stats-heading__g.mut
g,delta,genre-count,tag_mov_html_mut,COMPLETE,2,delta__genre-count__g.mut
g,delta,stat-favorites-value,tag_mov_html_mut,COMPLETE,2,delta__stat-favorites-value__g.mut
g,delta,field-year,tag_mov_html_mut,COMPLETE,2,delta__field-year__g.mut
g,delta,form-cancel,tag_mov_html_mut,COMPLETE,2,delta__form-cancel__g.mut
g,delta,cast-remove,tag_mov_html_mut,COMPLETE,2,delta__cast-remove__g.mut
h,delta,catalog-result-count,tag_mov_temp_mut,COMPLETE,2,delta__catalog-result-count__h.mut
h,delta,catalog-filter-genre,tag_mov_temp_mut,COMPLETE,2,delta__catalog-filter-genre__h.mut
h,delta,catalog-view-list,tag_mov_temp_mut,COMPLETE,2,delta__catalog-view-list__h.mut
h,delta,detail-meta,tag_mov_temp_mut,COMPLETE,2,delta__detail-meta__h.mut
h,delta,detail-delete-button,tag_mov_temp_mut,COMPLETE,2,delta__detail-delete-button__h.mut
h,delta,detail-not-found,tag_mov_temp_mut,COMPLETE,2,delta__detail-not-found__h.mut
h,delta,catalog-favorites-filter,tag_mov_temp_mut,COMPLETE,2,delta__catalog-favorites-filter__h.mut
h,delta,card-favorite-toggle,tag_mov_temp_mut,COMPLETE,2,delta__card-favorite-toggle__h.mut
h,delta,detail-favorite,tag_mov_temp_mut,COMPLETE,2,delta__detail-favorite__h.mut
h,delta,review-field-author,tag_mov_temp_mut,COMPLETE,2,delta__review-field-author__h.mut
h,delta,review-remove,tag_mov_temp_mut,COMPLETE,2,delta__review-remove__h.mut
h,delta,field-title,tag_mov_temp_mut,COMPLETE,2,delta__field-title__h.mut
h,delta,form-submit,tag_mov_temp_mut,COMPLETE,2,delta__form-submit__h.mut
h,delta,cast-add,tag_mov_temp_mut,COMPLETE,2,delta__cast-add__h.mut
h,delta,catalog-add-button,tag_mov_temp_mut,COMPLETE,2,delta__catalog-add-button__h.mut
h,delta,catalog-reset-button,tag_mov_temp_mut,COMPLETE,2,delta__catalog-reset-button__h.mut
h,delta,catalog-empty,tag_mov_temp_mut,COMPLETE,2,delta__catalog-empty__h.mut
h,delta,catalog-modal-confirm,tag_mov_temp_mut,COMPLETE,2,delta__catalog-modal-confirm__h.mut
h,delta,card-meta,tag_mov_temp_mut,COMPLETE,2,delta__card-meta__h.mut
h,delta,card-rating,tag_mov_temp_mut,COMPLETE,2,delta__card-rating__h.mut
h,delta,card-poster,tag_mov_temp_mut,COMPLETE,2,delta__card-poster__h.mut
h,delta,detail-title,tag_mov_temp_mut,COMPLETE,2,delta__detail-title__h.mut
h,delta,detail-synopsis,tag_mov_temp_mut,COMPLETE,2,delta__detail-synopsis__h.mut
h,delta,detail-edit-button,tag_mov_temp_mut,COMPLETE,2,delta__detail-edit-button__h.mut
h,delta,cast-name,tag_mov_temp_mut,COMPLETE,2,delta__cast-name__h.mut
h,delta,cast-role,tag_mov_temp_mut,COMPLETE,2,delta__cast-role__h.mut
h,delta,reviews-average,tag_mov_temp_mut,COMPLETE,2,delta__reviews-average__h.mut
h,delta,review-comment,tag_mov_temp_mut,COMPLETE,2,delta__review-comment__h.mut
h,delta,review-field-comment,tag_mov_temp_mut,COMPLETE,2,delta__review-field-comment__h.mut
h,delta,stats-heading,tag_mov_temp_mut,COMPLETE,2,delta__stats-heading__h.mut
h,delta,genre-count,tag_mov_temp_mut,COMPLETE,2,delta__genre-count__h.mut
h,delta,stat-favorites-value,tag_mov_temp_mut,COMPLETE,2,delta__stat-favorites-value__h.mut
h,delta,field-year,tag_mov_temp_mut,COMPLETE,2,delta__field-year__h.mut
h,delta,form-cancel,tag_mov_temp_mut,COMPLETE,2,delta__form-cancel__h.mut
h,delta,cast-remove,tag_mov_temp_mut,COMPLETE,2,delta__cast-remove__h.mut
i,delta,catalog-result-count,tag_rem_mut,COMPLETE,1,delta__catalog-result-count__i.mut
i,delta,catalog-filter-genre,tag_rem_mut,COMPLETE,1,delta__catalog-filter-genre__i.mut
i,delta,catalog-sort,tag_rem_mut,COMPLETE,1,delta__catalog-sort__i.mut
i,delta,catalog-view-list,tag_rem_mut,COMPLETE,1,delta__catalog-view-list__i.mut
i,delta,detail-meta,tag_rem_mut,COMPLETE,1,delta__detail-meta__i.mut
i,delta,detail-delete-button,tag_rem_mut,COMPLETE,1,delta__detail-delete-button__i.mut
i,delta,detail-not-found,tag_rem_mut,COMPLETE,1,delta__detail-not-found__i.mut
i,delta,review-field-author,tag_rem_mut,COMPLETE,1,delta__review-field-author__i.mut
i,delta,review-remove,tag_rem_mut,COMPLETE,1,delta__review-remove__i.mut
i,delta,stat-total-value,tag_rem_mut,COMPLETE,1,delta__stat-total-value__i.mut
i,delta,field-title,tag_rem_mut,COMPLETE,1,delta__field-title__i.mut
i,delta,form-submit,tag_rem_mut,COMPLETE,1,delta__form-submit__i.mut
i,delta,cast-add,tag_rem_mut,COMPLETE,1,delta__cast-add__i.mut
i,delta,catalog-modal-confirm,tag_rem_mut,COMPLETE,1,delta__catalog-modal-confirm__i.mut
i,delta,card-meta,tag_rem_mut,COMPLETE,1,delta__card-meta__i.mut
i,delta,detail-synopsis,tag_rem_mut,COMPLETE,1,delta__detail-synopsis__i.mut
i,delta,cast-name,tag_rem_mut,COMPLETE,1,delta__cast-name__i.mut
i,delta,reviews-average,tag_rem_mut,COMPLETE,1,delta__reviews-average__i.mut
i,delta,review-field-comment,tag_rem_mut,COMPLETE,1,delta__review-field-comment__i.mut
i,delta,genre-count,tag_rem_mut,COMPLETE,1,delta__genre-count__i.mut
i,delta,stat-favorites-value,tag_rem_mut,COMPLETE,1,delta__stat-favorites-value__i.mut
i,delta,field-year,tag_rem_mut,COMPLETE,1,delta__field-year__i.mut
i,delta,cast-remove,tag_rem_mut,COMPLETE,1,delta__cast-remove__i.mut
j,delta,catalog-result-count,tag_type_mod_mut,COMPLETE,1,delta__catalog-result-count__j.mut
j,delta,catalog-filter-genre,tag_type_mod_mut,COMPLETE,1,delta__catalog-filter-genre__j.mut
j,delta,catalog-sort,tag_type_mod_mut,COMPLETE,1,delta__catalog-sort__j.mut
j,delta,catalog-view-list,tag_type_mod_mut,COMPLETE,1,delta__catalog-view-list__j.mut
j,delta,detail-meta,tag_type_mod_mut,COMPLETE,1,delta__detail-meta__j.mut
j,delta,detail-delete-button,tag_type_mod_mut,COMPLETE,1,delta__detail-delete-button__j.mut
j,delta,detail-not-found,tag_type_mod_mut,COMPLETE,1,delta__detail-not-found__j.mut
j,delta,review-field-author,tag_type_mod_mut,COMPLETE,1,delta__review-field-author__j.mut
j,delta,review-remove,tag_type_mod_mut,COMPLETE,1,delta__review-remove__j.mut
j,delta,stat-total-value,tag_type_mod_mut,COMPLETE,1,delta__stat-total-value__j.mut
j,delta,field-title,tag_type_mod_mut,COMPLETE,1,delta__field-title__j.mut
j,delta,form-submit,tag_type_mod_mut,COMPLETE,1,delta__form-submit__j.mut
j,delta,cast-add,tag_type_mod_mut,COMPLETE,1,delta__cast-add__j.mut
j,delta,catalog-modal-confirm,tag_type_mod_mut,COMPLETE,1,delta__catalog-modal-confirm__j.mut
j,delta,card-meta,tag_type_mod_mut,COMPLETE,1,delta__card-meta__j.mut
j,delta,detail-synopsis,tag_type_mod_mut,COMPLETE,1,delta__detail-synopsis__j.mut
j,delta,cast-name,tag_type_mod_mut,COMPLETE,1,delta__cast-name__j.mut
j,delta,reviews-average,tag_type_mod_mut,COMPLETE,1,delta__reviews-average__j.mut
j,delta,review-field-comment,tag_type_mod_mut,COMPLETE,1,delta__review-field-comment__j.mut
j,delta,genre-count,tag_type_mod_mut,COMPLETE,1,delta__genre-count__j.mut
j,delta,stat-favorites-value,tag_type_mod_mut,COMPLETE,1,delta__stat-favorites-value__j.mut
j,delta,field-year,tag_type_mod_mut,COMPLETE,1,delta__field-year__j.mut
j,delta,cast-remove,tag_type_mod_mut,COMPLETE,1,delta__cast-remove__j.mut
k,delta,catalog-result-count,tag_ins_mut,COMPLETE,1,delta__catalog-result-count__k.mut
k,delta,catalog-filter-genre,tag_ins_mut,COMPLETE,1,delta__catalog-filter-genre__k.mut
k,delta,catalog-sort,tag_ins_mut,COMPLETE,1,delta__catalog-sort__k.mut
k,delta,catalog-view-list,tag_ins_mut,COMPLETE,1,delta__catalog-view-list__k.mut
k,delta,detail-meta,tag_ins_mut,COMPLETE,1,delta__detail-meta__k.mut
k,delta,detail-delete-button,tag_ins_mut,COMPLETE,1,delta__detail-delete-button__k.mut
k,delta,detail-not-found,tag_ins_mut,COMPLETE,1,delta__detail-not-found__k.mut
k,delta,review-field-author,tag_ins_mut,COMPLETE,1,delta__review-field-author__k.mut
k,delta,review-remove,tag_ins_mut,COMPLETE,1,delta__review-remove__k.mut
k,delta,stat-total-value,tag_ins_mut,COMPLETE,1,delta__stat-total-value__k.mut
k,delta,field-title,tag_ins_mut,COMPLETE,1,delta__field-title__k.mut
k,delta,form-submit,tag_ins_mut,COMPLETE,1,delta__form-submit__k.mut
k,delta,cast-add,tag_ins_mut,COMPLETE,1,delta__cast-add__k.mut
k,delta,catalog-modal-confirm,tag_ins_mut,COMPLETE,1,delta__catalog-modal-confirm__k.mut
k,delta,card-meta,tag_ins_mut,COMPLETE,1,delta__card-meta__k.mut
k,delta,detail-synopsis,tag_ins_mut,COMPLETE,1,delta__detail-synopsis__k.mut
k,delta,cast-name,tag_ins_mut,COMPLETE,1,delta__cast-name__k.mut
k,delta,reviews-average,tag_ins_mut,COMPLETE,1,delta__reviews-average__k.mut
k,delta,review-field-comment,tag_ins_mut,COMPLETE,1,delta__review-field-comment__k.mut
k,delta,genre-count,tag_ins_mut,COMPLETE,1,delta__genre-count__k.mut
k,delta,stat-favorites-value,tag_ins_mut,COMPLETE,1,delta__stat-favorites-value__k.mut
k,delta,field-year,tag_ins_mut,COMPLETE,1,delta__field-year__k.mut
k,delta,cast-remove,tag_ins_mut,COMPLETE,1,delta__cast-remove__k.mut
a,epsilon,detail-meta,attr_val_mod_mut,COMPLETE,1,epsilon__detail-meta__a.mut
a,epsilon,detail-delete-button,attr_val_mod_mut,COMPLETE,1,epsilon__detail-delete-button__a.mut
a,epsilon,genre-row,attr_val_mod_mut,COMPLETE,1,epsilon__genre-row__a.mut
a,epsilon,top-row,attr_val_mod_mut,COMPLETE,1,epsilon__top-row__a.mut
a,epsilon,top-title,attr_val_mod_mut,COMPLETE,1,epsilon__top-title__a.mut
a,epsilon,genre-count,attr_val_mod_mut,COMPLETE,1,epsilon__genre-count__a.mut
a,epsilon,field-year,attr_val_mod_mut,COMPLETE,1,epsilon__field-year__a.mut
b,epsilon,detail-meta,attr_rem_mut,COMPLETE,1,epsilon__detail-meta__b.mut
b,epsilon,detail-delete-button,attr_rem_mut,COMPLETE,1,epsilon__detail-delete-button__b.mut
b,epsilon,genre-row,attr_rem_mut,COMPLETE,1,epsilon__genre-row__b.mut
b,epsilon,top-row,attr_rem_mut,COMPLETE,1,epsilon__top-row__b.mut
b,epsilon,top-title,attr_rem_mut,COMPLETE,1,epsilon__top-title__b.mut
b,epsilon,field-year,attr_rem_mut,COMPLETE,1,epsilon__field-year__b.mut
f,epsilon,detail-delete-button,tag_mov_container_mut,COMPLETE,1,epsilon__detail-delete-button__f.mut
f,epsilon,genre-row,tag_mov_container_mut,COMPLETE,1,epsilon__genre-row__f.mut
f,epsilon,top-row,tag_mov_container_mut,COMPLETE,1,epsilon__top-row__f.mut
f,epsilon,detail-title,tag_mov_container_mut,COMPLETE,1,epsilon__detail-title__f.mut
f,epsilon,field-year,tag_mov_container_mut,COMPLETE,1,epsilon__field-year__f.mut
g,epsilon,detail-meta,tag_mov_html_mut,COMPLETE,2,epsilon__detail-meta__g.mut
g,epsilon,detail-delete-button,tag_mov_html_mut,COMPLETE,2,epsilon__detail-delete-button__g.mut
g,epsilon,detail-favorite,tag_mov_html_mut,COMPLETE,2,epsilon__detail-favorite__g.mut
g,epsilon,genre-row,tag_mov_html_mut,COMPLETE,2,epsilon__genre-row__g.mut
g,epsilon,top-row,tag_mov_html_mut,COMPLETE,2,epsilon__top-row__g.mut
g,epsilon,top-title,tag_mov_html_mut,COMPLETE,2,epsilon__top-title__g.mut
g,epsilon,detail-title,tag_mov_html_mut,COMPLETE,2,epsilon__detail-title__g.mut
g,epsilon,detail-edit-button,tag_mov_html_mut,COMPLETE,2,epsilon__detail-edit-button__g.mut
g,epsilon,field-year,tag_mov_html_mut,COMPLETE,2,epsilon__field-year__g.mut
h,epsilon,detail-meta,tag_mov_temp_mut,COMPLETE,2,epsilon__detail-meta__h.mut
h,epsilon,detail-delete-button,tag_mov_temp_mut,COMPLETE,2,epsilon__detail-delete-button__h.mut
h,epsilon,genre-row,tag_mov_temp_mut,COMPLETE,2,epsilon__genre-row__h.mut
h,epsilon,top-row,tag_mov_temp_mut,COMPLETE,2,epsilon__top-row__h.mut
h,epsilon,top-title,tag_mov_temp_mut,COMPLETE,2,epsilon__top-title__h.mut
h,epsilon,detail-title,tag_mov_temp_mut,COMPLETE,2,epsilon__detail-title__h.mut
h,epsilon,detail-edit-button,tag_mov_temp_mut,COMPLETE,2,epsilon__detail-edit-button__h.mut
h,epsilon,genre-count,tag_mov_temp_mut,COMPLETE,2,epsilon__genre-count__h.mut
h,epsilon,field-year,tag_mov_temp_mut,COMPLETE,2,epsilon__field-year__h.mut
i,epsilon,detail-meta,tag_rem_mut,COMPLETE,1,epsilon__detail-meta__i.mut
i,epsilon,genre-row,tag_rem_mut,COMPLETE,1,epsilon__genre-row__i.mut
i,epsilon,top-row,tag_rem_mut,COMPLETE,1,epsilon__top-row__i.mut
i,epsilon,field-year,tag_rem_mut,COMPLETE,1,epsilon__field-year__i.mut
j,epsilon,detail-meta,tag_type_mod_mut,COMPLETE,1,epsilon__detail-meta__j.mut
j,epsilon,genre-row,tag_type_mod_mut,COMPLETE,1,epsilon__genre-row__j.mut
j,epsilon,top-row,tag_type_mod_mut,COMPLETE,1,epsilon__top-row__j.mut
j,epsilon,field-year,tag_type_mod_mut,COMPLETE,1,epsilon__field-year__j.mut
k,epsilon,detail-meta,tag_ins_mut,COMPLETE,1,epsilon__detail-meta__k.mut
k,epsilon,genre-row,tag_ins_mut,COMPLETE,1,epsilon__genre-row__k.mut
k,epsilon,top-row,tag_ins_mut,COMPLETE,1,epsilon__top-row__k.mut
k,epsilon,field-year,tag_ins_mut,COMPLETE,1,epsilon__field-year__k.mut
a,gamma,review-submit,attr_val_mod_mut,COMPLETE,1,gamma__review-submit__a.mut
a,gamma,field-title,attr_val_mod_mut,COMPLETE,1,gamma__field-title__a.mut
a,gamma,form-submit,attr_val_mod_mut,COMPLETE,1,gamma__form-submit__a.mut
a,gamma,catalog-modal-confirm,attr_val_mod_mut,COMPLETE,1,gamma__catalog-modal-confirm__a.mut
a,gamma,cast-remove,attr_val_mod_mut,COMPLETE,1,gamma__cast-remove__a.mut
b,gamma,review-submit,attr_rem_mut,COMPLETE,1,gamma__review-submit__b.mut
b,gamma,genre-row,attr_rem_mut,COMPLETE,1,gamma__genre-row__b.mut
b,gamma,field-title,attr_rem_mut,COMPLETE,1,gamma__field-title__b.mut
b,gamma,form-submit,attr_rem_mut,COMPLETE,1,gamma__form-submit__b.mut
b,gamma,catalog-modal-confirm,attr_rem_mut,COMPLETE,1,gamma__catalog-modal-confirm__b.mut
b,gamma,card-meta,attr_rem_mut,COMPLETE,1,gamma__card-meta__b.mut
b,gamma,review-field-comment,attr_rem_mut,COMPLETE,1,gamma__review-field-comment__b.mut
b,gamma,cast-remove,attr_rem_mut,COMPLETE,1,gamma__cast-remove__b.mut
d,gamma,catalog-favorites-filter,text_cont_mod_mut,COMPLETE,1,gamma__catalog-favorites-filter__d.mut
d,gamma,catalog-add-button,text_cont_mod_mut,COMPLETE,1,gamma__catalog-add-button__d.mut
d,gamma,review-comment,text_cont_mod_mut,COMPLETE,1,gamma__review-comment__d.mut
d,gamma,cast-remove,text_cont_mod_mut,COMPLETE,1,gamma__cast-remove__d.mut
e,gamma,catalog-sort,text_cont_rem_mut,COMPLETE,1,gamma__catalog-sort__e.mut
e,gamma,review-comment,text_cont_rem_mut,COMPLETE,1,gamma__review-comment__e.mut
e,gamma,cast-remove,text_cont_rem_mut,COMPLETE,1,gamma__cast-remove__e.mut
f,gamma,catalog-search-input,tag_mov_container_mut,COMPLETE,1,gamma__catalog-search-input__f.mut
f,gamma,catalog-view-list,tag_mov_container_mut,COMPLETE,1,gamma__catalog-view-list__f.mut
f,gamma,card-title,tag_mov_container_mut,COMPLETE,1,gamma__card-title__f.mut
f,gamma,review-submit,tag_mov_container_mut,COMPLETE,1,gamma__review-submit__f.mut
f,gamma,stat-total-value,tag_mov_container_mut,COMPLETE,1,gamma__stat-total-value__f.mut
f,gamma,field-title,tag_mov_container_mut,COMPLETE,1,gamma__field-title__f.mut
f,gamma,cast-add,tag_mov_container_mut,COMPLETE,1,gamma__cast-add__f.mut
f,gamma,detail-synopsis,tag_mov_container_mut,COMPLETE,1,gamma__detail-synopsis__f.mut
f,gamma,review-comment,tag_mov_container_mut,COMPLETE,1,gamma__review-comment__f.mut
f,gamma,cast-remove,tag_mov_container_mut,COMPLETE,1,gamma__cast-remove__f.mut
g,gamma,catalog-search-input,tag_mov_html_mut,COMPLETE,2,gamma__catalog-search-input__g.mut
g,gamma,catalog-sort,tag_mov_html_mut,COMPLETE,2,gamma__catalog-sort__g.mut
g,gamma,catalog-view-list,tag_mov_html_mut,COMPLETE,2,gamma__catalog-view-list__g.mut
g,gamma,card-title,tag_mov_html_mut,COMPLETE,2,gamma__card-title__g.mut
g,gamma,detail-meta,tag_mov_html_mut,COMPLETE,2,gamma__detail-meta__g.mut
g,gamma,detail-delete-button,tag_mov_html_mut,COMPLETE,2,gamma__detail-delete-button__g.mut
g,gamma,catalog-favorites-filter,tag_mov_html_mut,COMPLETE,2,gamma__catalog-favorites-filter__g.mut
g,gamma,review-item,tag_mov_html_mut,COMPLETE,2,gamma__review-item__g.mut
g,gamma,review-field-author,tag_mov_html_mut,COMPLETE,2,gamma__review-field-author__g.mut
g,gamma,review-submit,tag_mov_html_mut,COMPLETE,2,gamma__review-submit__g.mut
g,gamma,review-remove,tag_mov_html_mut,COMPLETE,2,gamma__review-remove__g.mut
g,gamma,stat-total-value,tag_mov_html_mut,COMPLETE,2,gamma__stat-total-value__g.mut
g,gamma,genre-row,tag_mov_html_mut,COMPLETE,2,gamma__genre-row__g.mut
g,gamma,top-row,tag_mov_html_mut,COMPLETE,2,gamma__top-row__g.mut
g,gamma,top-title,tag_mov_html_mut,COMPLETE,2,gamma__top-title__g.mut
g,gamma,field-title,tag_mov_html_mut,COMPLETE,2,gamma__field-title__g.mut
g,gamma,cast-add,tag_mov_html_mut,COMPLETE,2,gamma__cast-add__g.mut
g,gamma,catalog-modal-confirm,tag_mov_html_mut,COMPLETE,2,gamma__catalog-modal-confirm__g.mut
g,gamma,card-meta,tag_mov_html_mut,COMPLETE,2,gamma__card-meta__g.mut
g,gamma,card-rating,tag_mov_html_mut,COMPLETE,2,gamma__card-rating__g.mut
g,gamma,detail-title,tag_mov_html_mut,COMPLETE,2,gamma__detail-title__g.mut
g,gamma,detail-synopsis,tag_mov_html_mut,COMPLETE,2,gamma__detail-synopsis__g.mut
g,gamma,detail-edit-button,tag_mov_html_mut,COMPLETE,2,gamma__detail-edit-button__g.mut
g,gamma,reviews-average,tag_mov_html_mut,COMPLETE,2,gamma__reviews-average__g.mut
g,gamma,review-comment,tag_mov_html_mut,COMPLETE,2,gamma__review-comment__g.mut
g,gamma,review-field-comment,tag_mov_html_mut,COMPLETE,2,gamma__review-field-comment__g.mut
g,gamma,genre-count,tag_mov_html_mut,COMPLETE,2,gamma__genre-count__g.mut
g,gamma,stat-favorites-value,tag_mov_html_mut,COMPLETE,2,gamma__stat-favorites-value__g.mut
g,gamma,field-year,tag_mov_html_mut,COMPLETE,2,gamma__field-year__g.mut
g,gamma,form-cancel,tag_mov_html_mut,COMPLETE,2,gamma__form-cancel__g.mut
g,gamma,cast-remove,tag_mov_html_mut,COMPLETE,2,gamma__cast-remove__g.mut
h,gamma,catalog-search-input,tag_mov_temp_mut,COMPLETE,2,gamma__catalog-search-input__h.mut
h,gamma,catalog-filter-genre,tag_mov_temp_mut,COMPLETE,2,gamma__catalog-filter-genre__h.mut
h,gamma,catalog-sort,tag_mov_temp_mut,COMPLETE,2,gamma__catalog-sort__h.mut
h,gamma,catalog-view-list,tag_mov_temp_mut,COMPLETE,2,gamma__catalog-view-list__h.mut
h,gamma,card-title,tag_mov_temp_mut,COMPLETE,2,gamma__card-title__h.mut
h,gamma,detail-meta,tag_mov_temp_mut,COMPLETE,2,gamma__detail-meta__h.mut
h,gamma,detail-delete-button,tag_mov_temp_mut,COMPLETE,2,gamma__detail-delete-button__h.mut
h,gamma,catalog-favorites-filter,tag_mov_temp_mut,COMPLETE,2,gamma__catalog-favorites-filter__h.mut
h,gamma,detail-favorite,tag_mov_temp_mut,COMPLETE,2,gamma__detail-favorite__h.mut
h,gamma,review-item,tag_mov_temp_mut,COMPLETE,2,gamma__review-item__h.mut
h,gamma,review-field-author,tag_mov_temp_mut,COMPLETE,2,gamma__review-field-author__h.mut
h,gamma,review-submit,tag_mov_temp_mut,COMPLETE,2,gamma__review-submit__h.mut
h,gamma,review-remove,tag_mov_temp_mut,COMPLETE,2,gamma__review-remove__h.mut
h,gamma,stat-total-value,tag_mov_temp_mut,COMPLETE,2,gamma__stat-total-value__h.mut
h,gamma,genre-row,tag_mov_temp_mut,COMPLETE,2,gamma__genre-row__h.mut
h,gamma,top-row,tag_mov_temp_mut,COMPLETE,2,gamma__top-row__h.mut
h,gamma,top-title,tag_mov_temp_mut,COMPLETE,2,gamma__top-title__h.mut
h,gamma,field-title,tag_mov_temp_mut,COMPLETE,2,gamma__field-title__h.mut
h,gamma,form-submit,tag_mov_temp_mut,COMPLETE,2,gamma__form-submit__h.mut
h,gamma,cast-add,tag_mov_temp_mut,COMPLETE,2,gamma__cast-add__h.mut
h,gamma,catalog-add-button,tag_mov_temp_mut,COMPLETE,2,gamma__catalog-add-button__h.mut
h,gamma,catalog-reset-button,tag_mov_temp_mut,COMPLETE,2,gamma__catalog-reset-button__h.mut
h,gamma,catalog-modal-confirm,tag_mov_temp_mut,COMPLETE,2,gamma__catalog-modal-confirm__h.mut
h,gamma,card-meta,tag_mov_temp_mut,COMPLETE,2,gamma__card-meta__h.mut
h,gamma,card-rating,tag_mov_temp_mut,COMPLETE,2,gamma__card-rating__h.mut
h,gamma,detail-title,tag_mov_temp_mut,COMPLETE,2,gamma__detail-title__h.mut
h,gamma,detail-synopsis,tag_mov_temp_mut,COMPLETE,2,gamma__detail-synopsis__h.mut
h,gamma,reviews-average,tag_mov_temp_mut,COMPLETE,2,gamma__reviews-average__h.mut
h,gamma,review-comment,tag_mov_temp_mut,COMPLETE,2,gamma__review-comment__h.mut
h,gamma,review-field-comment,tag_mov_temp_mut,COMPLETE,2,gamma__review-field-comment__h.mut
h,gamma,genre-count,tag_mov_temp_mut,COMPLETE,2,gamma__genre-count__h.mut
h,gamma,stat-favorites-value,tag_mov_temp_mut,COMPLETE,2,gamma__stat-favorites-value__h.mut
h,gamma,field-year,tag_mov_temp_mut,COMPLETE,2,gamma__field-year__h.mut
h,gamma,form-cancel,tag_mov_temp_mut,COMPLETE,2,gamma__form-cancel__h.mut
h,gamma,cast-remove,tag_mov_temp_mut,COMPLETE,2,gamma__cast-remove__h.mut
i,gamma,catalog-search-input,tag_rem_mut,COMPLETE,1,gamma__catalog-search-input__i.mut
i,gamma,catalog-view-list,tag_rem_mut,COMPLETE,1,gamma__catalog-view-list__i.mut
i,gamma,card-title,tag_rem_mut,COMPLETE,1,gamma__card-title__i.mut
i,gamma,detail-meta,tag_rem_mut,COMPLETE,1,gamma__detail-meta__i.mut
i,gamma,review-item,tag_rem_mut,COMPLETE,1,gamma__review-item__i.mut
i,gamma,review-field-author,tag_rem_mut,COMPLETE,1,gamma__review-field-author__i.mut
i,gamma,review-submit,tag_rem_mut,COMPLETE,1,gamma__review-submit__i.mut
i,gamma,stat-total-value,tag_rem_mut,COMPLETE,1,gamma__stat-total-value__i.mut
i,gamma,top-row,tag_rem_mut,COMPLETE,1,gamma__top-row__i.mut
i,gamma,field-title,tag_rem_mut,COMPLETE,1,gamma__field-title__i.mut
i,gamma,cast-add,tag_rem_mut,COMPLETE,1,gamma__cast-add__i.mut
i,gamma,catalog-modal-confirm,tag_rem_mut,COMPLETE,1,gamma__catalog-modal-confirm__i.mut
i,gamma,detail-synopsis,tag_rem_mut,COMPLETE,1,gamma__detail-synopsis__i.mut
i,gamma,field-year,tag_rem_mut,COMPLETE,1,gamma__field-year__i.mut
i,gamma,cast-remove,tag_rem_mut,COMPLETE,1,gamma__cast-remove__i.mut
j,gamma,catalog-search-input,tag_type_mod_mut,COMPLETE,1,gamma__catalog-search-input__j.mut
j,gamma,catalog-view-list,tag_type_mod_mut,COMPLETE,1,gamma__catalog-view-list__j.mut
j,gamma,card-title,tag_type_mod_mut,COMPLETE,1,gamma__card-title__j.mut
j,gamma,detail-meta,tag_type_mod_mut,COMPLETE,1,gamma__detail-meta__j.mut
j,gamma,review-item,tag_type_mod_mut,COMPLETE,1,gamma__review-item__j.mut
j,gamma,review-field-author,tag_type_mod_mut,COMPLETE,1,gamma__review-field-author__j.mut
j,gamma,review-submit,tag_type_mod_mut,COMPLETE,1,gamma__review-submit__j.mut
j,gamma,stat-total-value,tag_type_mod_mut,COMPLETE,1,gamma__stat-total-value__j.mut
j,gamma,top-row,tag_type_mod_mut,COMPLETE,1,gamma__top-row__j.mut
j,gamma,field-title,tag_type_mod_mut,COMPLETE,1,gamma__field-title__j.mut
j,gamma,cast-add,tag_type_mod_mut,COMPLETE,1,gamma__cast-add__j.mut
j,gamma,catalog-modal-confirm,tag_type_mod_mut,COMPLETE,1,gamma__catalog-modal-confirm__j.mut
j,gamma,detail-synopsis,tag_type_mod_mut,COMPLETE,1,gamma__detail-synopsis__j.mut
j,gamma,field-year,tag_type_mod_mut,COMPLETE,1,gamma__field-year__j.mut
j,gamma,cast-remove,tag_type_mod_mut,COMPLETE,1,gamma__cast-remove__j.mut
k,gamma,catalog-search-input,tag_ins_mut,COMPLETE,1,gamma__catalog-search-input__k.mut
k,gamma,catalog-view-list,tag_ins_mut,COMPLETE,1,gamma__catalog-view-list__k.mut
k,gamma,card-title,tag_ins_mut,COMPLETE,1,gamma__card-title__k.mut
k,gamma,detail-meta,tag_ins_mut,COMPLETE,1,gamma__detail-meta__k.mut
k,gamma,review-item,tag_ins_mut,COMPLETE,1,gamma__review-item__k.mut
k,gamma,review-field-author,tag_ins_mut,COMPLETE,1,gamma__review-field-author__k.mut
k,gamma,review-submit,tag_ins_mut,COMPLETE,1,gamma__review-submit__k.mut
k,gamma,stat-total-value,tag_ins_mut,COMPLETE,1,gamma__stat-total-value__k.mut
k,gamma,top-row,tag_ins_mut,COMPLETE,1,gamma__top-row__k.mut
k,gamma,field-title,tag_ins_mut,COMPLETE,1,gamma__field-title__k.mut
k,gamma,cast-add,tag_ins_mut,COMPLETE,1,gamma__cast-add__k.mut
k,gamma,catalog-modal-confirm,tag_ins_mut,COMPLETE,1,gamma__catalog-modal-confirm__k.mut
k,gamma,detail-synopsis,tag_ins_mut,COMPLETE,1,gamma__detail-synopsis__k.mut
k,gamma,field-year,tag_ins_mut,COMPLETE,1,gamma__field-year__k.mut
k,gamma,cast-remove,tag_ins_mut,COMPLETE,1,gamma__cast-remove__k.mut
