S1_Search	/html[1]/body[1]/app-root[1]/div[1]/main[1]/app-board[1]/section[1]/div[2]/div[1]/input[1]	flowboard-v2-s1-search.html
S1_Card	/html[1]/body[1]/app-root[1]/div[1]/main[1]/app-board[1]/section[1]/div[3]/section[2]/app-column[1]/ul[1]/li[1]/app-card[1]/article[1]	flowboard-v2-s1-search.html
S1_CardTitle	/html[1]/body[1]/app-root[1]/div[1]/main[1]/app-board[1]/section[1]/div[3]/section[2]/app-column[1]/ul[1]/li[1]/app-card[1]/article[1]/a[1]/h4[1]	flowboard-v2-s1-search.html
S2_ColumnCount	/html[1]/body[1]/app-root[1]/div[1]/main[1]/app-board[1]/section[1]/div[3]/section[1]/header[1]/span[1]	flowboard-v2-seed.html
S2_CardMove	/html[1]/body[1]/app-root[1]/div[1]/main[1]/app-board[1]/section[1]/div[3]/section[1]/app-column[1]/ul[1]/li[1]/app-card[1]/article[1]/footer[1]/label[1]/select[1]	flowboard-v2-seed.html
S2_ColumnInprogress	/html[1]/body[1]/app-root[1]/div[1]/main[1]/app-board[1]/section[1]/div[3]/section[2]	flowboard-v2-seed.html
S3_FormTitle	/html[1]/body[1]/app-root[1]/div[1]/main[1]/app-card-form[1]/section[1]/form[1]/div[1]/input[1]	flowboard-v2-form-new.html
S3_FormPriority	/html[1]/body[1]/app-root[1]/div[1]/main[1]/app-card-form[1]/section[1]/form[1]/app-panel[1]/section[1]/div[1]/div[1]/div[1]/select[1]	flowboard-v2-form-new.html
S3_FormSubmit	/html[1]/body[1]/app-root[1]/div[1]/main[1]/app-card-form[1]/section[1]/form[1]/div[4]/button[1]	flowboard-v2-form-new.html
S4_DetailTitle	/html[1]/body[1]/app-root[1]/div[1]/main[1]/app-card-detail[1]/section[1]/article[1]/header[1]/h3[1]	flowboard-v2-detail-3.html
S4_DetailAssignee	/html[1]/body[1]/app-root[1]/div[1]/main[1]/app-card-detail[1]/section[1]/article[1]/app-panel[1]/section[1]/div[1]/div[1]/div[2]/span[2]	flowboard-v2-detail-3.html
S4_DetailDelete	/html[1]/body[1]/app-root[1]/div[1]/main[1]/app-card-detail[1]/section[1]/article[1]/footer[1]/button[1]	flowboard-v2-detail-3.html
S5_StatTotal	/html[1]/body[1]/app-root[1]/div[1]/main[1]/app-stats[1]/section[1]/div[2]/div[1]/span[2]	flowboard-v2-stats.html
S5_StatBacklog	/html[1]/body[1]/app-root[1]/div[1]/main[1]/app-stats[1]/section[1]/div[2]/div[2]/span[2]	flowboard-v2-stats.html
S5_StatRow3	/html[1]/body[1]/app-root[1]/div[1]/main[1]/app-stats[1]/section[1]/div[3]/app-panel[1]/section[1]/div[1]/table[1]/tbody[1]/tr[3]	flowboard-v2-stats.html
S6_NavStats	/html[1]/body[1]/app-root[1]/div[1]/app-header[1]/header[1]/div[1]/nav[1]/a[2]	flowboard-v2-shell.html
S6_TotalBadge	/html[1]/body[1]/app-root[1]/div[1]/app-header[1]/header[1]/div[1]/div[2]/span[2]	flowboard-v2-shell.html
S6_FooterVersion	/html[1]/body[1]/app-root[1]/div[1]/footer[1]/div[1]/span[5]	flowboard-v2-shell.html
